阿里,腾讯,1019
阿里,京东,785
阿里,阿里巴巴,714
阿里,百度,519
阿里,苏宁,465
阿里,淘宝,458
阿里,马云,452
阿里,互联网,382
阿里,上市,372
阿里,中国,303
阿里,微信,302
阿里,天猫,262
阿里,战略,261
阿里,数据,231
阿里,阿里巴巴集团,219
阿里,布局,215
阿里,旗下,206
阿里,问题,205
阿里,模式,177
阿里,金融,175
阿里,资源,173
阿里,双方,169
阿里,员工,168
阿里,优势,165
阿里,巨头,165
阿里,物流,164
阿里,流量,160
阿里,线下,149
阿里,生态,146
阿里,电子商务,146
阿里,社交,133
阿里,集团,132
阿里,交易,132
阿里,云计算,130
阿里,商家,125
阿里,大数据,120
阿里,消息,118
阿里,商业,115
阿里,雅虎,114
阿里,高德,113
阿里,小贷,112
阿里,计划,109
阿里,体系,109
阿里,银行,105
阿里,2014年,105
阿里,股价,105
阿里,入口,103
阿里,阿里集团,103
阿里,传统,103
阿里,信息,102
阿里,新浪微博,102
阿里,移动互联网,101
阿里,股权,100
阿里,美国,100
阿里,全面,100
阿里,网络,98
阿里,余额宝,97
阿里,资金,94
阿里,互联网金融,94
阿里,规模,93
阿里,技术,92
阿里,客户,91
阿里,估值,91
阿里,微博,89
阿里,原因,89
阿里,时间,89
阿里,2013年,88
阿里,基金,87
阿里,媒体,85
阿里,系统,85
阿里,携程,83
阿里,能力,82
阿里,经济,81
阿里,核心,80
阿里,香港,80
阿里,关系,78
阿里,团队,77
阿里,线上,77
阿里,商品,77
阿里,全球,77
阿里,品牌,76
阿里,9月,73
阿里,投资者,73
阿里,文化,69
阿里,2015年,69
阿里,卖家,69
阿里,小米,69
阿里,并不,67
阿里,购物,65
阿里,聚划算,65
阿里,方式,65
阿里,价值,63
阿里,产业,62
阿里,机构,62
阿里,农村,62
阿里,分析师,62
阿里,游戏,60
阿里,全国,60
阿里,业界,60
阿里,智能,60
阿里,互联网巨头,60
阿里,假货,60
阿里,外界,59
阿里,贷款,59
阿里,软件,59
阿里,地图,59
阿里,时代,59
阿里,股东,59
阿里,无线,58
阿里,杭州,58
阿里,大家,58
阿里,价格,58
阿里,资产,58
阿里,动作,58
阿里,无法,58
阿里,国际,57
阿里,内容,57
阿里,人民币,57
阿里,风险,57
阿里,资本,57
阿里,淘宝网,57
阿里,3月,57
阿里,上线,56
阿里,基础,56
阿里,项目,56
阿里,战略投资,56
阿里,股票,56
阿里,蚂蚁金服,56
阿里,新浪,55
阿里,两大,55
阿里,代表,55
阿里,网站,54
阿里,合伙人,54
阿里,线上线下,54
阿里,高管,54
阿里,数字,54
阿里,苏宁云商,53
阿里,压力,53
阿里,竞争对手,53
阿里,业内人士,53
阿里,格局,53
阿里,情况,53
阿里,信用,52
阿里,双11,51
阿里,第二大股东,51
阿里,阿里金融,50
阿里,总裁,50
阿里,转型,50
阿里,机会,50
阿里,空间,49
阿里,重点,49
阿里,美团,49
阿里,利益,48
阿里,优酷土豆,48
阿里,层面,48
阿里,子公司,48
阿里,牌照,47
阿里,1月,47
阿里,商户,47
阿里,软银,46
阿里,11月,46
阿里,大战,46
阿里,部分,46
阿里,官方,46
阿里,地位,46
阿里,负责人,45
阿里,金额,45
阿里,2012年,45
阿里,利用,45
阿里,移动端,45
阿里,保险,44
阿里,三大,44
阿里,基本,44
阿里,视频,44
阿里,时候,44
阿里,目标,44
阿里,产生,44
阿里,工具,44
阿里,战略合作,43
阿里,合作伙伴,43
阿里,天弘基金,43
阿里,大量,42
阿里,生态圈,42
阿里,部门,42
阿里,业绩,41
阿里,产业链,41
阿里,董事会,41
阿里,架构,41
阿里,手机淘宝,41
阿里,陆兆禧,41
阿里,则是,41
阿里,微信支付,41
阿里,事业部,40
阿里,管理层,40
阿里,北京,40
阿里,目的,40
阿里,市值,40
阿里,亚马逊,40
阿里,事情,39
阿里,城市,39
阿里,方向,39
阿里,成本,39
阿里,广告,38
阿里,政府,38
阿里,社会,38
阿里,策略,38
阿里,上市公司,38
阿里,网购,38
阿里,有可能,37
阿里,市场份额,37
阿里,3亿,37
阿里,总经理,37
阿里,买家,37
阿里,终端,36
阿里,2011年,36
阿里,结果,36
阿里,在线旅游,36
阿里,事件,35
阿里,营收,35
阿里,整体,35
阿里,背景,35
阿里,创始人,35
阿里,刘强东,35
阿里,苏宁易购,34
阿里,传闻,34
阿里,互联网企业,34
阿里,每日经济新闻,34
阿里,实际,34
阿里,5月,34
阿里,采访时,33
阿里,季度,33
阿里,个人,33
阿里,后者,33
阿里,董事局,33
阿里,落地,33
阿里,4月,32
阿里,全部,32
阿里,消息称,32
阿里,角色,32
阿里,银泰,32
阿里,财报,32
阿里,国美,32
阿里,首席,32
阿里,汽车,32
阿里,7月,31
阿里,收益,31
阿里,两者,31
阿里,研究院,31
阿里,红包,31
阿里,盈利,31
阿里,形式,30
阿里,帝国,30
阿里,速度,30
阿里,程度,30
阿里,移动电商,30
阿里,人才,30
阿里,去哪儿,30
阿里,创业,30
阿里,利润,30
阿里,国家,30
阿里,金融服务,30
阿里,联姻,30
阿里,世界,30
阿里,10月,29
阿里,个月,29
阿里,商业模式,29
阿里,场景,29
阿里,京东商城,29
阿里,浙江,29
阿里,研究中心,29
阿里,移动支付,29
阿里,12月,29
阿里,第三方支付,29
阿里,电视,29
阿里,系网络交易平台,29
阿里,现金,29
阿里,10日,29
阿里,体验,29
阿里,海尔,28
阿里,互联网+,28
阿里,案例,28
阿里,民营银行,28
阿里,该公司,28
阿里,据了解,28
阿里,招财宝,28
阿里,厂商,28
阿里,大众点评,28
阿里,观点,28
阿里,张近东,28
阿里,搜狗,28
阿里,信贷,27
阿里,报告,27
阿里,人员,27
阿里,1亿,27
阿里,方案,27
阿里,链接,27
阿里,证券日报,27
阿里,概念,27
阿里,开放平台,27
阿里,意义,27
阿里,优质,27
阿里,高调,27
阿里,小额贷款,27
阿里,数量,27
阿里,去啊,27
阿里,淘宝村,27
阿里,数据显示,27
阿里,人们,26
阿里,阶段,26
阿里,可能性,26
阿里,专家,26
阿里,服务商,26
阿里,新闻,26
阿里,6月,26
阿里,局面,26
阿里,占比,26
阿里,谷歌,26
阿里,私有化,26
阿里,陌陌,26
阿里,政策,26
阿里,过程中,26
阿里,影响力,26
阿里,证券,25
阿里,效率,25
阿里,小贷公司,25
阿里,短板,25
阿里,基因,25
阿里,事业群,25
阿里,本地生活,25
阿里,实力,25
阿里,供应链,25
阿里,第一财经日报,25
阿里,小微企业,25
阿里,2月,25
阿里,2010年,25
阿里,菜鸟,25
阿里,思路,25
阿里,万达,25
阿里,年货节,25
阿里,情况下,25
阿里,张勇,25
阿里,交易额,25
阿里,力量,25
阿里,对象,25
阿里,很难,24
阿里,电子,24
阿里,推出了,24
阿里,特别是,24
阿里,关键,24
阿里,供应商,24
阿里,金融机构,24
阿里,想象,24
阿里,定位,24
阿里,恒大,24
阿里,财务,24
阿里,机制,24
阿里,将于,24
阿里,中信,24
阿里,发力,24
阿里,科技,24
阿里,高层,24
阿里,水平,24
阿里,资深,24
阿里,8月,24
阿里,大股东,23
阿里,招股书,23
阿里,副总裁,23
阿里,责任,23
阿里,板块,23
阿里,财付通,23
阿里,特色,23
阿里,网商银行,23
阿里,环节,23
阿里,盒子,23
阿里,农村电商,23
阿里,强势,23
阿里,上海,23
阿里,音乐,23
阿里,现场,23
阿里,实体,22
阿里,公关,22
阿里,细节,22
阿里,两家公司,22
阿里,因素,22
阿里,文章,22
阿里,基金公司,22
阿里,理财产品,22
阿里,规划,22
阿里,故事,22
阿里,彭蕾,22
阿里,发布会,22
阿里,习惯,22
阿里,品类,22
阿里,很好,22
阿里,效应,22
阿里,论坛,22
阿里,角度,21
阿里,店铺,21
阿里,售假,21
阿里,点点,21
阿里,最重要,21
阿里,财经,21
阿里,梦想,21
阿里,规定,21
阿里,基础上,21
阿里,公告,21
阿里,外资,21
阿里,态度,21
阿里,典型,21
阿里,8日,21
阿里,支付宝钱包,21
阿里,路径,21
阿里,主席马云,21
阿里,创业者,21
阿里,对方,21
阿里,PC端,21
阿里,董事长,21
阿里,体量,21
阿里,基础设施,21
阿里,制度,21
阿里,农村淘宝,21
阿里,表态,21
阿里,交流,21
阿里,资本市场,21
阿里,活跃用户,20
阿里,高达,20
阿里,战争,20
阿里,菜鸟网络,20
阿里,海量,20
阿里,证实,20
阿里,网店,20
阿里,屏蔽,20
阿里,移动端的,20
阿里,力度,20
阿里,商务,20
阿里,口碑,20
阿里,尤其是,20
阿里,门店,20
阿里,原则,20
阿里,逻辑,20
阿里,主席,19
阿里,南都,19
阿里,东西,19
阿里,圈地,19
阿里,投资人,19
阿里,有所,19
阿里,深度,19
阿里,群体,19
阿里,趋势,19
阿里,用户体验,19
阿里,网商,19
阿里,董事,19
阿里,二是,19
阿里,网易,19
阿里,协同,19
阿里,补贴,19
阿里,手游,19
阿里,步伐,18
阿里,成员,18
阿里,等领域,18
阿里,京东白条,18
阿里,了解到,18
阿里,潜力,18
阿里,5亿美元,18
阿里,专业,18
阿里,订单,18
阿里,主打,18
阿里,关联,18
阿里,环境,18
阿里,投行,18
阿里,结构,18
阿里,战场,18
阿里,版图,18
阿里,众筹,18
阿里,成果,18
阿里,中心,18
阿里,艺龙,18
阿里,面向,18
阿里,硬件,18
阿里,阵营,17
阿里,建议,17
阿里,保险公司,17
阿里,份额,17
阿里,账户,17
阿里,A股,17
阿里,中信银行,17
阿里,评论,17
阿里,7亿美元,17
阿里,中国电子商务,17
阿里,信用卡,17
阿里,越来越多,17
阿里,大手笔,17
阿里,是什么,17
阿里,现实,17
阿里,大佬,17
阿里,诚信,17
阿里,或将,17
阿里,历史,17
阿里,并不是,17
阿里,遭遇,17
阿里,控制权,17
阿里,发布了,17
阿里,一事,17
阿里,理由,17
阿里,分别为,17
阿里,结盟,17
阿里,危机,16
阿里,是个,16
阿里,起家,16
阿里,乐视,16
阿里,小二,16
阿里,金融业,16
阿里,总部,16
阿里,版本,16
阿里,小企业,16
阿里,金融业务,16
阿里,工作人员,16
阿里,提供了,16
阿里,会员,16
阿里,时代周报,16
阿里,经历,16
阿里,广东,16
阿里,同程,16
阿里,医疗,16
阿里,地方,16
阿里,差距,16
阿里,双十二,16
阿里,价格战,16
阿里,试点,16
阿里,年4月,16
阿里,中国经济,16
