阿里巴巴,上市,933
阿里巴巴,马云,887
阿里巴巴,中国,738
阿里巴巴,腾讯,735
阿里巴巴,阿里,714
阿里巴巴,互联网,561
阿里巴巴,淘宝,526
阿里巴巴,雅虎,523
阿里巴巴,百度,481
阿里巴巴,电子商务,433
阿里巴巴,京东,400
阿里巴巴,阿里巴巴集团,395
阿里巴巴,美国,382
阿里巴巴,香港,355
阿里巴巴,旗下,344
阿里巴巴,股权,332
阿里巴巴,计划,301
阿里巴巴,集团,300
阿里巴巴,交易,285
阿里巴巴,物流,263
阿里巴巴,战略,250
阿里巴巴,模式,249
阿里巴巴,天猫,242
阿里巴巴,问题,242
阿里巴巴,投资者,236
阿里巴巴,股价,235
阿里巴巴,苏宁,234
阿里巴巴,消息,221
阿里巴巴,数据,219
阿里巴巴,员工,213
阿里巴巴,全球,207
阿里巴巴,估值,199
阿里巴巴,巨头,190
阿里巴巴,金融,185
阿里巴巴,软银,178
阿里巴巴,双方,178
阿里巴巴,股东,176
阿里巴巴,客户,169
阿里巴巴,资源,167
阿里巴巴,布局,166
阿里巴巴,淘宝网,164
阿里巴巴,9月,163
阿里巴巴,人民币,158
阿里巴巴,网络,157
阿里巴巴,股票,154
阿里巴巴,新浪微博,153
阿里巴巴,微信,148
阿里巴巴,合伙人,145
阿里巴巴,项目,144
阿里巴巴,信息,140
阿里巴巴,3月,138
阿里巴巴,微博,138
阿里巴巴,2014年,138
阿里巴巴,优势,138
阿里巴巴,管理层,134
阿里巴巴,时间,133
阿里巴巴,董事会,132
阿里巴巴,市值,131
阿里巴巴,2012年,130
阿里巴巴,银行,128
阿里巴巴,价值,127
阿里巴巴,杭州,124
阿里巴巴,商品,124
阿里巴巴,传统,124
阿里巴巴,网站,122
阿里巴巴,体系,121
阿里巴巴,媒体,121
阿里巴巴,农村淘宝,120
阿里巴巴,2013年,119
阿里巴巴,战略合作,119
阿里巴巴,团队,118
阿里巴巴,全面,118
阿里巴巴,商业,118
阿里巴巴,高德,117
阿里巴巴,国际,117
阿里巴巴,资产,117
阿里巴巴,假货,117
阿里巴巴,分析师,116
阿里巴巴,资金,115
阿里巴巴,价格,114
阿里巴巴,线下,114
阿里巴巴,规模,113
阿里巴巴,品牌,113
阿里巴巴,5月,112
阿里巴巴,1亿,109
阿里巴巴,董事局,109
阿里巴巴,技术,108
阿里巴巴,2011年,106
阿里巴巴,商家,106
阿里巴巴,招股书,103
阿里巴巴,方式,103
阿里巴巴,关系,103
阿里巴巴,3亿,102
阿里巴巴,原因,102
阿里巴巴,6月,101
阿里巴巴,并不,101
阿里巴巴,新浪,100
阿里巴巴,机构,99
阿里巴巴,基金,98
阿里巴巴,私有化,98
阿里巴巴,7月,97
阿里巴巴,苏宁云商,97
阿里巴巴,该公司,95
阿里巴巴,资本,95
阿里巴巴,核心,95
阿里巴巴,10月,94
阿里巴巴,主席马云,93
阿里巴巴,2010年,92
阿里巴巴,产业,92
阿里巴巴,合伙人制度,90
阿里巴巴,陆兆禧,87
阿里巴巴,会员,86
阿里巴巴,集团董事局主席,86
阿里巴巴,高管,86
阿里巴巴,创始人,86
阿里巴巴,京东商城,85
阿里巴巴,8月,85
阿里巴巴,能力,85
阿里巴巴,2月,85
阿里巴巴,大数据,84
阿里巴巴,有可能,83
阿里巴巴,转型,82
阿里巴巴,11月,82
阿里巴巴,互联网金融,81
阿里巴巴,购物,81
阿里巴巴,流量,81
阿里巴巴,经济,81
阿里巴巴,副总裁,80
阿里巴巴,线上,79
阿里巴巴,文化,79
阿里巴巴,风险,78
阿里巴巴,部分,78
阿里巴巴,全国,78
阿里巴巴,1月,77
阿里巴巴,利用,77
阿里巴巴,代表,77
阿里巴巴,总裁,76
阿里巴巴,业界,76
阿里巴巴,卖家,76
阿里巴巴,卫哲,76
阿里巴巴,移动互联网,76
阿里巴巴,外界,76
阿里巴巴,上市公司,75
阿里巴巴,竞争对手,75
阿里巴巴,社交,74
阿里巴巴,利润,73
阿里巴巴,交易额,73
阿里巴巴,情况,72
阿里巴巴,系统,70
阿里巴巴,盈利,70
阿里巴巴,生态,70
阿里巴巴,大量,69
阿里巴巴,阿里集团,69
阿里巴巴,云计算,69
阿里巴巴,传闻,69
阿里巴巴,事业部,68
阿里巴巴,亚马逊,67
阿里巴巴,事件,67
阿里巴巴,8日,67
阿里巴巴,互联网巨头,67
阿里巴巴,北京,66
阿里巴巴,机会,66
阿里巴巴,财报,66
阿里巴巴,时候,65
阿里巴巴,余额宝,65
阿里巴巴,数字,65
阿里巴巴,公告,65
阿里巴巴,天弘基金,64
阿里巴巴,现金,64
阿里巴巴,首席,64
阿里巴巴,营收,63
阿里巴巴,业绩,63
阿里巴巴,日本,63
阿里巴巴,基础,62
阿里巴巴,创业,62
阿里巴巴,蚂蚁金服,62
阿里巴巴,大股东,62
阿里巴巴,时代,62
阿里巴巴,金额,61
阿里巴巴,控制权,61
阿里巴巴,买家,61
阿里巴巴,两大,61
阿里巴巴,入口,61
阿里巴巴,空间,61
阿里巴巴,目标,60
阿里巴巴,上海,60
阿里巴巴,内容,60
阿里巴巴,阶段,60
阿里巴巴,利益,60
阿里巴巴,投行,60
阿里巴巴,政府,59
阿里巴巴,2015年,59
阿里巴巴,港上市,59
阿里巴巴,供应商,59
阿里巴巴,后者,59
阿里巴巴,个人,59
阿里巴巴,4月,59
阿里巴巴,董事,59
阿里巴巴,信用,59
阿里巴巴,蔡崇信,58
阿里巴巴,方案,58
阿里巴巴,贷款,58
阿里巴巴,合作伙伴,58
阿里巴巴,携程,58
阿里巴巴,股权结构,58
阿里巴巴,表态,58
阿里巴巴,小米,57
阿里巴巴,优酷土豆,57
阿里巴巴,网购,57
阿里巴巴,采访时,57
阿里巴巴,财务,57
阿里巴巴,地图,56
阿里巴巴,官方,56
阿里巴巴,高达,56
阿里巴巴,2007年,55
阿里巴巴,净利润,55
阿里巴巴,架构,55
阿里巴巴,无法,55
阿里巴巴,负责人,55
阿里巴巴,2005年,55
阿里巴巴,资本市场,55
阿里巴巴,科技,55
阿里巴巴,业内人士,54
阿里巴巴,总经理,54
阿里巴巴,子公司,53
阿里巴巴,商户,53
阿里巴巴,移动端,53
阿里巴巴,三大,53
阿里巴巴,总部,53
阿里巴巴,战略投资,52
阿里巴巴,产业带,52
阿里巴巴,地位,52
阿里巴巴,外贸,52
阿里巴巴,部门,51
阿里巴巴,社会,51
阿里巴巴,定价,51
阿里巴巴,消息称,51
阿里巴巴,中心,51
阿里巴巴,动作,51
阿里巴巴,报告,50
阿里巴巴,农村,50
阿里巴巴,国家,49
阿里巴巴,数量,49
阿里巴巴,首席执行官,49
阿里巴巴,关键,49
阿里巴巴,产生,49
阿里巴巴,制度,49
阿里巴巴,上线,49
阿里巴巴,交易所,48
阿里巴巴,赴美上市,48
阿里巴巴,牌照,48
阿里巴巴,每日经济新闻,48
阿里巴巴,资深,48
阿里巴巴,压力,48
阿里巴巴,文章,47
阿里巴巴,2009年,47
阿里巴巴,董事长,47
阿里巴巴,世界,47
阿里巴巴,发行价,47
阿里巴巴,广告,47
阿里巴巴,5亿美元,47
阿里巴巴,整体,46
阿里巴巴,谷歌,46
阿里巴巴,规定,46
阿里巴巴,产业链,46
阿里巴巴,文件,45
阿里巴巴,格局,45
阿里巴巴,10亿美元,45
阿里巴巴,路演,45
阿里巴巴,则是,45
阿里巴巴,层面,44
阿里巴巴,大家,44
阿里巴巴,概念,44
阿里巴巴,12月,44
阿里巴巴,人才,44
阿里巴巴,方向,44
阿里巴巴,中国电子商务,44
阿里巴巴,智能,44
阿里巴巴,策略,44
阿里巴巴,游戏,44
阿里巴巴,互联网企业,43
阿里巴巴,张勇,43
阿里巴巴,小额贷款,43
阿里巴巴,网商,43
阿里巴巴,季度,43
阿里巴巴,因素,43
阿里巴巴,A股,42
阿里巴巴,双11,42
阿里巴巴,条件,42
阿里巴巴,历史,42
阿里巴巴,广东,42
阿里巴巴,纽约,42
阿里巴巴,聚划算,42
阿里巴巴,目的,41
阿里巴巴,新闻,41
阿里巴巴,商业模式,41
阿里巴巴,手段,41
阿里巴巴,小企业,41
阿里巴巴,高层,41
阿里巴巴,诚信,41
阿里巴巴,机制,41
阿里巴巴,结果,41
阿里巴巴,体验,40
阿里巴巴,原则,40
阿里巴巴,无线,40
阿里巴巴,声明,40
阿里巴巴,总额,40
阿里巴巴,全部,39
阿里巴巴,推出了,39
阿里巴巴,城市,39
阿里巴巴,软件,39
阿里巴巴,订单,38
阿里巴巴,终端,38
阿里巴巴,雅虎中国,38
阿里巴巴,网易,38
阿里巴巴,高调,37
阿里巴巴,程度,37
阿里巴巴,实体,37
阿里巴巴,市场份额,37
阿里巴巴,信贷,37
阿里巴巴,成本,37
阿里巴巴,2亿美元,37
阿里巴巴,面向,37
阿里巴巴,数据显示,37
阿里巴巴,个月,37
阿里巴巴,传言,37
阿里巴巴,会议,36
阿里巴巴,诚信通,36
阿里巴巴,一事,36
阿里巴巴,基本,36
阿里巴巴,事情,36
阿里巴巴,小贷,36
阿里巴巴,4亿美元,36
阿里巴巴,将于,36
阿里巴巴,关联,36
阿里巴巴,法律,36
阿里巴巴,线上线下,36
阿里巴巴,背景,36
阿里巴巴,环境,36
阿里巴巴,媒体报道,36
阿里巴巴,消息人士,35
阿里巴巴,比例,35
阿里巴巴,纳斯达克,35
阿里巴巴,10日,35
阿里巴巴,浙江,35
阿里巴巴,结构,35
阿里巴巴,定位,35
阿里巴巴,账户,35
阿里巴巴,40亿美元,35
阿里巴巴,阿里金融,34
阿里巴巴,在线旅游,34
阿里巴巴,重点,34
阿里巴巴,证券,34
阿里巴巴,中国供应商,34
阿里巴巴,速卖通,34
阿里巴巴,形式,34
阿里巴巴,31日,33
阿里巴巴,成员,33
阿里巴巴,持股比例,33
阿里巴巴,政策,33
阿里巴巴,普通股,33
阿里巴巴,收益,33
阿里巴巴,达通,33
阿里巴巴,获得了,32
阿里巴巴,承销商,32
阿里巴巴,人们,32
阿里巴巴,整体上市,32
阿里巴巴,美团,32
阿里巴巴,主席,32
阿里巴巴,刘强东,32
阿里巴巴,金融服务,32
阿里巴巴,尤其是,32
阿里巴巴,第二大股东,32
阿里巴巴,评论,32
阿里巴巴,第一财经日报,31
阿里巴巴,50亿美元,31
阿里巴巴,据了解,31
阿里巴巴,可能性,31
阿里巴巴,水平,31
阿里巴巴,视频,31
阿里巴巴,有所,31
阿里巴巴,标准,31
阿里巴巴,服务站,31
阿里巴巴,29日,31
阿里巴巴,人员,31
阿里巴巴,搜狐,31
阿里巴巴,移动支付,31
阿里巴巴,占比,31
阿里巴巴,12日,31
阿里巴巴,动力,30
阿里巴巴,亚洲,30
阿里巴巴,财年,30
阿里巴巴,证实,30
阿里巴巴,发力,30
阿里巴巴,每经,30
阿里巴巴,16日,30
阿里巴巴,优质,30
阿里巴巴,总监,30
阿里巴巴,佛山,30
阿里巴巴,互联网+,30
阿里巴巴,事业群,30
阿里巴巴,23日,30
阿里巴巴,年4月,30
阿里巴巴,市盈率,29
阿里巴巴,细节,29
阿里巴巴,发布会,29
阿里巴巴,情况下,29
阿里巴巴,搜狗,29
阿里巴巴,理由,29
阿里巴巴,建议,29
阿里巴巴,经历,29
阿里巴巴,事宜,29
阿里巴巴,知识产权,29
阿里巴巴,中信,29
阿里巴巴,商务,29
阿里巴巴,厂商,29
阿里巴巴,万达,28
阿里巴巴,二是,28
阿里巴巴,发布公告,28
阿里巴巴,深圳,28
阿里巴巴,发布了,28
阿里巴巴,强势,28
阿里巴巴,过程,28
阿里巴巴,交易平台,28
阿里巴巴,菜鸟网络,28
阿里巴巴,份额,28
阿里巴巴,遭遇,28
阿里巴巴,年度,28
阿里巴巴,意义,28
阿里巴巴,内地,28
阿里巴巴,开放平台,28
阿里巴巴,范围,28
阿里巴巴,委员会,28
阿里巴巴,运营商,27
阿里巴巴,中国最大,27
阿里巴巴,村级,27
阿里巴巴,规则,27
阿里巴巴,区间,27
阿里巴巴,供应链,27
阿里巴巴,落地,27
阿里巴巴,现场,27
阿里巴巴,并不是,27
阿里巴巴,环节,27
阿里巴巴,纽交所,27
阿里巴巴,农产品,27
阿里巴巴,第三方支付,27
阿里巴巴,电视,27
阿里巴巴,金融业务,27
阿里巴巴,深度,27
阿里巴巴,财报显示,27
阿里巴巴,或将,27
阿里巴巴,交易市场,27
阿里巴巴,张近东,26
阿里巴巴,香港证监会,26
阿里巴巴,手机淘宝,26
阿里巴巴,恒大,26
阿里巴巴,力量,26
阿里巴巴,进程,26
阿里巴巴,小微企业,26
阿里巴巴,争议,26
阿里巴巴,门槛,26
阿里巴巴,7亿美元,26
阿里巴巴,对象,26
阿里巴巴,律师,26
阿里巴巴,阿里影业,26
阿里巴巴,母公司,26
阿里巴巴,网店,26
阿里巴巴,国美,26
阿里巴巴,基础设施,26
阿里巴巴,故事,26
阿里巴巴,角度,26
阿里巴巴,地区,26
阿里巴巴,小微金融服务,26
阿里巴巴,来源,26
阿里巴巴,销售额,26
阿里巴巴,门店,26
阿里巴巴,财经,26
阿里巴巴,帝国,26
阿里巴巴,投资人,25
阿里巴巴,名单,25
阿里巴巴,新发行,25
阿里巴巴,相关负责人,25
阿里巴巴,本报讯,25
阿里巴巴,才是,25
阿里巴巴,费用,25
阿里巴巴,跨境,25
阿里巴巴,雅虎所持,25
阿里巴巴,公众,25
阿里巴巴,实力,25
阿里巴巴,很好,25
阿里巴巴,服务平台,25
阿里巴巴,苏宁易购,25
阿里巴巴,影响力,25
阿里巴巴,2004年,25
阿里巴巴,美国市场,25
阿里巴巴,17日,25
阿里巴巴,地方,25
阿里巴巴,生态圈,25
阿里巴巴,外资,24
阿里巴巴,阿里巴巴公司,24
阿里巴巴,效率,24
阿里巴巴,梦想,24
阿里巴巴,去哪儿,24
阿里巴巴,本土,24
阿里巴巴,舆论,24
阿里巴巴,资管,24
阿里巴巴,美股,24
阿里巴巴,规划,24
阿里巴巴,现实,24
阿里巴巴,效果,24
阿里巴巴,危机,24
阿里巴巴,11日,24
阿里巴巴,价值观,24
阿里巴巴,优先股,24
阿里巴巴,小时,24
阿里巴巴,国际化,24
阿里巴巴,试点,24
阿里巴巴,国家工商总局,24
阿里巴巴,竞争力,24
阿里巴巴,2008年,23
阿里巴巴,实际,23
阿里巴巴,角色,23
阿里巴巴,路径,23
阿里巴巴,逻辑,23
阿里巴巴,快递公司,23
阿里巴巴,去年9月,23
阿里巴巴,传媒,23
阿里巴巴,财富,23
阿里巴巴,68美元,23
阿里巴巴,大战,23
阿里巴巴,态度,23
阿里巴巴,刘春宁,23
阿里巴巴,28日,23
阿里巴巴,版图,23
阿里巴巴,想象,23
阿里巴巴,特色,23
阿里巴巴,专项,23
阿里巴巴,任命,23
阿里巴巴,趋势,23
阿里巴巴,21世纪,23
阿里巴巴,专门,23
阿里巴巴,贡献,23
阿里巴巴,易观国际,23
阿里巴巴,民营银行,22
阿里巴巴,框架,22
阿里巴巴,交流,22
阿里巴巴,代价,22
阿里巴巴,资料显示,22
阿里巴巴,陌陌,22
阿里巴巴,律所,22
阿里巴巴,服务商,22
阿里巴巴,前提,22
阿里巴巴,中国经济,22
阿里巴巴,经验,22
阿里巴巴,24日,22
阿里巴巴,商标,22
阿里巴巴,全世界,22
阿里巴巴,华数传媒,22
阿里巴巴,基础上,22
阿里巴巴,中概股,22
阿里巴巴,民生银行,22
阿里巴巴,零售商,22
阿里巴巴,200亿,22
阿里巴巴,过程中,22
阿里巴巴,双重,22
阿里巴巴,普通,22
阿里巴巴,各大,22
阿里巴巴,步伐,22
阿里巴巴,中信银行,22
阿里巴巴,商城,22
阿里巴巴,约为,22
阿里巴巴,彭蕾,21
阿里巴巴,指数,21
阿里巴巴,纪录,21
阿里巴巴,速度,21
阿里巴巴,汽车,21
阿里巴巴,短板,21
阿里巴巴,雷军,21
阿里巴巴,移动端的,21
阿里巴巴,上市地点,21
阿里巴巴,所持,21
阿里巴巴,等领域,21
阿里巴巴,浙江省,21
阿里巴巴,经理,21
阿里巴巴,曾鸣,21
阿里巴巴,人数,21
阿里巴巴,网民,21
阿里巴巴,是个,21
阿里巴巴,时间表,21
阿里巴巴,超过2780万股,21
阿里巴巴,效应,21
阿里巴巴,是一家,21
阿里巴巴,将继续,21
阿里巴巴,资料,21
阿里巴巴,高德控股,21
阿里巴巴,本地生活,21
阿里巴巴,淘网,21
阿里巴巴,兴趣,21
阿里巴巴,成交额,21
阿里巴巴,越来越多,21
阿里巴巴,绯闻,21
阿里巴巴,前景,21
阿里巴巴,两者,21
阿里巴巴,焦点,20
阿里巴巴,办法,20
阿里巴巴,唯品会,20
阿里巴巴,亮相,20
阿里巴巴,全球化,20
阿里巴巴,信心,20
阿里巴巴,公关,20
阿里巴巴,监管部门,20
阿里巴巴,银泰,20
阿里巴巴,基金公司,20
阿里巴巴,5港元,20
阿里巴巴,潜力,20
阿里巴巴,保险,20
阿里巴巴,仪式,20
阿里巴巴,淘宝商城,20
阿里巴巴,全球最大,20
阿里巴巴,港股,20
阿里巴巴,记录,20
阿里巴巴,新加坡,20
阿里巴巴,地点,20
阿里巴巴,成为了,20
阿里巴巴,穷游,20
阿里巴巴,年7月,20
阿里巴巴,22日,20
阿里巴巴,版本,20
阿里巴巴,股东大会,20
阿里巴巴,专家,20
阿里巴巴,搜索引擎,20
阿里巴巴,15日,20
阿里巴巴,程序,20
阿里巴巴,有权,20
阿里巴巴,服务中心,20
阿里巴巴,职务,20
阿里巴巴,两家公司,19
阿里巴巴,仅为,19
阿里巴巴,口碑,19
阿里巴巴,店铺,19
阿里巴巴,所有权,19
阿里巴巴,移动电商,19
阿里巴巴,解决方案,19
阿里巴巴,协会,19
阿里巴巴,农民,19
阿里巴巴,联系,19
阿里巴巴,是什么,19
阿里巴巴,标志,19
阿里巴巴,席位,19
阿里巴巴,券商,19
阿里巴巴,支付宝钱包,19
阿里巴巴,工作人员,19
阿里巴巴,了解到,18
阿里巴巴,工具,18
阿里巴巴,以140亿元,18
阿里巴巴,开云,18
阿里巴巴,红包,18
阿里巴巴,社会化,18
阿里巴巴,全资子公司,18
阿里巴巴,分别为,18
阿里巴巴,收费,18
阿里巴巴,菜鸟,18
阿里巴巴,事实,18
阿里巴巴,10年,18
阿里巴巴,东西,18
阿里巴巴,公关部,18
阿里巴巴,付费会员,18
阿里巴巴,意愿,18
阿里巴巴,制造业,18
阿里巴巴,工商总局,18
阿里巴巴,峰会,18
阿里巴巴,案例,18
阿里巴巴,办公室,18
阿里巴巴,区域,18
阿里巴巴,高度,18
阿里巴巴,小额,18
阿里巴巴,财新,18
阿里巴巴,淘宝旅行,18
阿里巴巴,微金服,18
阿里巴巴,跨境电商,18
阿里巴巴,流程,18
阿里巴巴,权益,18
阿里巴巴,内蒙君正,18
阿里巴巴,热门,17
阿里巴巴,创业者,17
阿里巴巴,关心,17
阿里巴巴,中国质造,17
阿里巴巴,华尔街日报,17
阿里巴巴,283亿元,17
阿里巴巴,领导,17
阿里巴巴,电影,17
阿里巴巴,专业,17
阿里巴巴,联姻,17
阿里巴巴,思路,17
阿里巴巴,2003年,17
阿里巴巴,会员费,17
阿里巴巴,措施,17
阿里巴巴,局面,17
阿里巴巴,跌幅,17
阿里巴巴,摩根士丹利,17
阿里巴巴,警方,17
阿里巴巴,信用贷款,17
阿里巴巴,新股,17
阿里巴巴,邮政,17
阿里巴巴,信用卡,17
阿里巴巴,股同权,17
阿里巴巴,电子,17
阿里巴巴,令人,17
阿里巴巴,盒子,17
阿里巴巴,艺龙,17
阿里巴巴,千县,17
阿里巴巴,8月10,17
阿里巴巴,杨致远,17
阿里巴巴,佣金,17
阿里巴巴,评价,17
阿里巴巴,提供了,17
阿里巴巴,事务所,17
阿里巴巴,售假,17
阿里巴巴,大会,17
阿里巴巴,电商行业,17
阿里巴巴,年轻人,17
阿里巴巴,医疗,17
阿里巴巴,去年同期,16
阿里巴巴,阿里小微,16
阿里巴巴,互通,16
阿里巴巴,协同,16
阿里巴巴,意向,16
阿里巴巴,招财宝,16
阿里巴巴,银泰商业,16
阿里巴巴,据介绍,16
阿里巴巴,直销银行,16
阿里巴巴,投资方,16
阿里巴巴,集团董事长,16
阿里巴巴,板块,16
阿里巴巴,领先,16
阿里巴巴,资讯,16
阿里巴巴,责任,16
阿里巴巴,村淘,16
阿里巴巴,营运,16
阿里巴巴,独家,16
阿里巴巴,浙江阿里巴巴,16
阿里巴巴,对方,16
阿里巴巴,骨干网,16
阿里巴巴,农村电商,16
阿里巴巴,即时通讯,16
阿里巴巴,91无线,16
阿里巴巴,农村市场,16
阿里巴巴,社区,16
阿里巴巴,大力,16
阿里巴巴,网上交易,16
阿里巴巴,摩根,16
阿里巴巴,北京报道,16
阿里巴巴,日消息,16
阿里巴巴,支付宝股权,16
阿里巴巴,合作框架,16
阿里巴巴,点点,16
阿里巴巴,标题,16
阿里巴巴,差距,16
阿里巴巴,14日,16
阿里巴巴,很多人,16
阿里巴巴,时机,16
阿里巴巴,编辑,16
阿里巴巴,致力于,16
阿里巴巴,高德软件,16
阿里巴巴,条款,16
