雷军,小米,1567
雷军,小米手机,337
雷军,互联网,240
雷军,中国,210
雷军,小米科技,188
雷军,硬件,183
雷军,董事长,179
雷军,小米公司,174
雷军,创始人,143
雷军,内容,132
雷军,微博,129
雷军,模式,120
雷军,问题,111
雷军,苹果,107
雷军,媒体,104
雷军,电视,104
雷军,时间,90
雷军,目标,90
雷军,上市,88
雷军,创业,86
雷军,发布会上,85
雷军,时候,84
雷军,销量,83
雷军,2014年,76
雷军,软件,76
雷军,大家,72
雷军,董事长兼,72
雷军,布局,71
雷军,周鸿祎,66
雷军,2015年,64
雷军,战略,64
雷军,小米电视,62
雷军,微博上,62
雷军,发布会,62
雷军,凡客,61
雷军,2013年,60
雷军,移动互联网,59
雷军,传统,58
雷军,计划,58
雷军,品牌,58
雷军,格力,57
雷军,估值,55
雷军,成本,55
雷军,投资人,54
雷军,小米盒子,53
雷军,北京,53
雷军,核心,52
雷军,方式,51
雷军,价格,51
雷军,1亿,50
雷军,采访时,50
雷军,世界,50
雷军,全球,48
雷军,厂商,48
雷军,天使投资人,47
雷军,消息,46
雷军,生态链,45
雷军,魅族,45
雷军,粉丝,45
雷军,团队,44
雷军,黎万强,44
雷军,时代,44
雷军,原因,44
雷军,路由器,44
雷军,腾讯,44
雷军,销售额,43
雷军,陈彤,43
雷军,外界,43
雷军,互联网思维,43
雷军,技术,42
雷军,总裁,42
雷军,盒子,41
雷军,3月,41
雷军,智能,41
雷军,2011年,41
雷军,11月,40
雷军,事情,39
雷军,朋友,39
雷军,4月,38
雷军,口碑,38
雷军,关系,38
雷军,12月,38
雷军,员工,38
雷军,创业者,38
雷军,金山软件,37
雷军,21世纪,37
雷军,马云,37
雷军,黄章,36
雷军,米2,36
雷军,现场,35
雷军,建议,35
雷军,个人,34
雷军,铁人三项,34
雷军,首席执行官,34
雷军,红米,34
雷军,视频,33
雷军,商业,33
雷军,顺为,33
雷军,利润,33
雷军,系统,33
雷军,要做,33
雷军,生态,33
雷军,天使,33
雷军,发布了,32
雷军,布斯,32
雷军,规模,31
雷军,小米生态链,31
雷军,数据,31
雷军,是什么,31
雷军,米聊,31
雷军,2012年,31
雷军,8月,30
雷军,供应链,30
雷军,产业,30
雷军,科技,30
雷军,能力,30
雷军,方向,30
雷军,逻辑,29
雷军,我觉得,29
雷军,电子商务,29
雷军,资本,29
雷军,总结,28
雷军,10亿美元,28
雷军,专利,28
雷军,游戏,28
雷军,优势,28
雷军,百度,28
雷军,投资者,28
雷军,2010年,28
雷军,会议,28
雷军,性价比,28
雷军,供货,27
雷军,国际,27
雷军,16日,27
雷军,价值,27
雷军,能不能,27
雷军,风口,27
雷军,资源,27
雷军,梦想,27
雷军,基金,26
雷军,是个,26
雷军,最重要,26
雷军,智能硬件,26
雷军,副总裁,26
雷军,企业家,26
雷军,大量,26
雷军,经历,26
雷军,经济,25
雷军,中心,25
雷军,售价,25
雷军,网络,25
雷军,经验,25
雷军,则是,25
雷军,压力,25
雷军,米粉节,25
雷军,林斌,25
雷军,小米Note,25
雷军,性能,24
雷军,个月,24
雷军,1月,24
雷军,体验,24
雷军,思维,24
雷军,合作伙伴,24
雷军,阶段,24
雷军,加盟,24
雷军,赌局,24
雷军,平板,23
雷军,策略,23
雷军,成绩,23
雷军,全部,23
雷军,盈利,23
雷军,成了,23
雷军,话题,23
雷军,很难,23
雷军,小时,23
雷军,将于,23
雷军,才是,23
雷军,转型,23
雷军,互联网服务,23
雷军,6月,23
雷军,制造业,22
雷军,旗下,22
雷军,股东,22
雷军,全国,22
雷军,并不,22
雷军,营收,22
雷军,业界,22
雷军,友商,22
雷军,5月,21
雷军,阿里巴巴,21
雷军,意识,21
雷军,供应商,21
雷军,7月,21
雷军,终端,21
雷军,深圳,21
雷军,是一家,21
雷军,大会上,21
雷军,人物,21
雷军,理念,20
雷军,手机厂商,20
雷军,定价,20
雷军,美国,20
雷军,产生,20
雷军,期货,20
雷军,很多人,20
雷军,思路,20
雷军,9月,20
雷军,定位,20
雷军,业绩,19
雷军,顺势,19
雷军,基础,19
雷军,东西,19
雷军,无法,19
雷军,空间,19
雷军,10月,19
雷军,代表,19
雷军,商业模式,19
雷军,三星,19
雷军,传闻,19
雷军,国产手机,19
雷军,项目,19
雷军,信心,19
雷军,谷歌,19
雷军,角度,19
雷军,故事,19
雷军,情况,18
雷军,印度,18
雷军,小米3,18
雷军,网友,18
雷军,处理器,18
雷军,新闻,18
雷军,多看,18
雷军,手机行业,18
雷军,国际化,18
雷军,环境,18
雷军,大会,18
雷军,高管,18
雷军,感觉,18
雷军,态度,18
雷军,云服务,17
雷军,过程中,17
雷军,坦言,17
雷军,概念,17
雷军,双方,17
雷军,艺术,17
雷军,数字,17
雷军,国家,17
雷军,因素,17
雷军,低价,17
雷军,顶配版,17
雷军,产业链,17
雷军,关键,17
雷军,新浪,17
雷军,论坛,17
雷军,年度,17
雷军,该公司,17
雷军,状态,16
雷军,高调,16
雷军,顶级,16
雷军,10年,16
雷军,答案,16
雷军,屏幕,16
雷军,评论,16
雷军,饥饿营销,16
雷军,重点,16
雷军,并不是,16
雷军,资金,16
雷军,高端,16
雷军,部分,16
