苹果,三星,3613
苹果,中国,1758
苹果,全球,1091
苹果,美国,1049
苹果,谷歌,910
苹果,库克,887
苹果,专利,882
苹果,问题,800
苹果,苹果公司,780
苹果,厂商,702
苹果,供应商,679
苹果,技术,671
苹果,销量,632
苹果,小米,594
苹果,分析师,546
苹果,利润,531
苹果,品牌,522
苹果,平板电脑,496
苹果,时间,492
苹果,系统,474
苹果,科技,447
苹果,硬件,421
苹果,市场份额,417
苹果,股价,415
苹果,消息,414
苹果,软件,413
苹果,竞争对手,400
苹果,价格,394
苹果,市值,368
苹果,营收,356
苹果,原因,353
苹果,诺基亚,343
苹果,2012年,335
苹果,该公司,335
苹果,上市,324
苹果,优势,324
苹果,员工,319
苹果,计划,319
苹果,数据,317
苹果,订单,315
苹果,模式,308
苹果,开发者,308
苹果,份额,306
苹果,新品,302
苹果,供应链,301
苹果,媒体,300
苹果,业绩,294
苹果,9月,290
苹果,2011年,279
苹果,无法,279
苹果,安卓,273
苹果,时代,270
苹果,屏幕,265
苹果,地图,263
苹果,芯片,255
苹果,并不,255
苹果,情况,251
苹果,机构,251
苹果,部分,249
苹果,运营商,241
苹果,内容,239
苹果,大量,239
苹果,能力,238
苹果,产业链,238
苹果,新产品,237
苹果,投资者,237
苹果,蒂姆,235
苹果,商店,235
苹果,方式,235
苹果,电子,232
苹果,高端,231
苹果,信息,226
苹果,客户,226
苹果,世界,225
苹果,和iPad,225
苹果,时候,220
苹果,季度,220
苹果,有可能,219
苹果,报告,216
苹果,亚马逊,216
苹果,电脑,215
苹果,人们,214
苹果,巨头,212
苹果,三星电子,210
苹果,汽车,208
苹果,发布了,207
苹果,地位,206
苹果,成本,206
苹果,2013年,204
苹果,终端,203
苹果,体验,202
苹果,数据显示,201
苹果,2010年,197
苹果,法院,197
苹果,代工,196
苹果,工厂,196
苹果,官方,193
苹果,发布会,192
苹果,核心,190
苹果,目标,190
苹果,互联网,190
苹果,6月,185
苹果,5亿美元,184
苹果,关系,183
苹果,2014年,182
苹果,财报,180
苹果,产业,180
苹果,配件,179
苹果,双方,179
苹果,3月,179
苹果,中国移动,178
苹果,外界,177
苹果,团队,175
苹果,2015年,174
苹果,网络,173
苹果,战略,173
苹果,业界,170
苹果,推出了,168
苹果,策略,167
苹果,网站,167
苹果,结果,163
苹果,北京,163
苹果,侵犯了,162
苹果,代表,160
苹果,领先,160
苹果,价值,160
苹果,售价,158
苹果,音乐,158
苹果,8月,157
苹果,利用,157
苹果,很难,156
苹果,处理器,155
苹果,业内人士,155
苹果,智能手表,155
苹果,高管,153
苹果,经销商,153
苹果,10月,153
苹果,1月,152
苹果,平板,151
苹果,股票,150
苹果,数量,149
苹果,电池,148
苹果,7月,148
苹果,上海,144
苹果,国家,144
苹果,规模,144
苹果,手机厂商,143
苹果,机会,142
苹果,智能,141
苹果,关键,141
苹果,粉丝,140
苹果,这款,140
苹果,历史,140
苹果,数字,138
苹果,程度,138
苹果,供货,137
苹果,盈利,137
苹果,唯冠,136
苹果,并不是,136
苹果,12月,136
苹果,地区,136
苹果,4月,136
苹果,广告,135
苹果,压力,135
苹果,版本,135
苹果,产生,134
苹果,台湾,133
苹果,夏普,133
苹果,面板,132
苹果,遭遇,132
苹果,制造商,132
苹果,机型,132
苹果,情况下,130
苹果,首席执行官,129
苹果,将于,128
苹果,每日经济新闻,128
苹果,下架,128
苹果,零售店,127
苹果,大家,127
苹果,高达,127
苹果,个月,126
苹果,美国市场,126
苹果,英寸,126
苹果,空间,124
苹果,整体,124
苹果,旗下,124
苹果,后者,123
苹果,现金,122
苹果,应用程序,122
苹果,媒体报道,122
苹果,日本,122
苹果,采访时,121
苹果,摩托罗拉,121
苹果,差距,121
苹果,则是,120
苹果,合作伙伴,120
苹果,事情,119
苹果,产品线,119
苹果,标准,119
苹果,评论,118
苹果,果粉,118
苹果,高端市场,118
苹果,布局,117
苹果,官司,116
苹果,移动支付,116
苹果,2007年,116
苹果,净利润,116
苹果,韩国,115
苹果,概念,114
苹果,苹果股价,113
苹果,电子产品,113
苹果,移动互联网,113
苹果,传统,112
苹果,1亿,111
苹果,因素,111
苹果,鸿海,110
苹果,水平,110
苹果,消息称,110
苹果,触摸屏,110
苹果,法庭,109
苹果,陪审团,108
苹果,财年,108
苹果,语音,108
苹果,中国大陆,107
苹果,雷军,107
苹果,商标,107
苹果,总部,107
苹果,法律,107
苹果,政策,106
苹果,项目,106
苹果,显示屏,105
苹果,专利诉讼,104
苹果,部门,104
苹果,专家,104
苹果,体系,103
苹果,交易,103
苹果,国际,102
苹果,生态,102
苹果,目的,102
苹果,令人,101
苹果,事件,101
苹果,证明,101
苹果,华尔街,100
苹果,电视,99
苹果,经济,99
苹果,纠纷,99
苹果,内地,99
苹果,首席,99
苹果,趋势,99
苹果,智能机,98
苹果,2月,98
苹果,去年同期,98
苹果,A股,98
苹果,提供了,97
苹果,大战,97
苹果,应用商店,97
苹果,视频,96
苹果,风险,96
苹果,3亿,96
苹果,尺寸,95
苹果,负责人,95
苹果,开发者大会,95
苹果,委员会,95
苹果,阵营,95
苹果,用户体验,94
苹果,财季,94
苹果,外观,94
苹果,全面,94
苹果,加州,93
苹果,11月,93
苹果,基本,93
苹果,过程中,93
苹果,北京时间,92
苹果,商业,92
苹果,2009年,92
苹果,毛利率,92
苹果,速度,92
苹果,深圳,91
苹果,代工厂,90
苹果,谷歌地图,90
苹果,定位,90
苹果,比例,90
苹果,贡献,89
苹果,发布会上,88
苹果,有所,87
苹果,深圳唯冠,87
苹果,占比,86
苹果,国产手机,86
苹果,环境,85
苹果,创始人,85
苹果,小米手机,85
苹果,英国,85
苹果,基础,85
苹果,元器件,85
苹果,证券,84
苹果,个人,84
苹果,全部,84
苹果,iPad商标,84
苹果,传闻,83
苹果,低端,83
苹果,中国区,83
苹果,大屏,82
苹果,市场占有率,82
苹果,市场研究,82
苹果,最重要,82
苹果,2亿美元,81
苹果,条款,81
苹果,游戏,81
苹果,大中华区,80
苹果,尤其是,80
苹果,声明,80
苹果,费用,80
苹果,文章,80
苹果,集团,79
苹果,质量,79
苹果,本土,79
苹果,细节,79
苹果,文件,78
苹果,理由,78
苹果,利益,78
苹果,收益,78
苹果,金额,77
苹果,性能,77
苹果,定价,77
苹果,获得了,76
苹果,人民币,76
苹果,成为了,76
苹果,影响力,75
苹果,微博,75
苹果,利润率,75
苹果,实际,75
苹果,华尔街日报,75
苹果,感觉,75
苹果,律师,74
苹果,中心,74
苹果,中兴,74
苹果,专卖店,73
苹果,越来越多,73
苹果,两大,73
苹果,重点,73
苹果,风格,73
苹果,年6月,72
苹果,中国联通,72
苹果,专利权,72
苹果,态度,72
苹果,很多人,72
苹果,山寨,72
苹果,竞争力,72
苹果,传言,71
苹果,事实,71
苹果,8日,71
苹果,方向,71
苹果,副总裁,71
苹果,据了解,71
苹果,文化,71
苹果,才是,71
苹果,10日,70
苹果,上市公司,70
苹果,苹果零售店,70
苹果,外媒,70
苹果,是一家,70
苹果,规定,70
苹果,股东,70
苹果,局面,70
苹果,人员,69
苹果,旧金山,69
苹果,经历,69
苹果,名单,69
苹果,帝国,69
苹果,财报显示,68
苹果,地方,68
苹果,大陆,68
苹果,降价,67
苹果,观点,67
苹果,国际贸易,67
苹果,经验,67
苹果,董事长,67
苹果,格局,67
苹果,领导,67
苹果,仅为,67
苹果,4亿美元,67
苹果,10亿美元,66
苹果,联系,65
苹果,工程师,65
苹果,角度,65
苹果,新款,65
苹果,设计师,65
苹果,效应,65
苹果,禁令,64
苹果,圣何塞,64
苹果,系列产品,64
苹果,亮点,64
苹果,5月,64
苹果,低价,64
苹果,银行,64
苹果,新品发布会,64
苹果,强势,64
苹果,建议,63
苹果,高级副总裁,63
苹果,商业模式,63
苹果,生产商,63
苹果,联通,63
苹果,特斯拉,63
苹果,苹果产业链,63
苹果,很好,62
苹果,年4月,62
苹果,特别是,62
苹果,专利战,62
苹果,转型,62
苹果,手段,61
苹果,库伊,61
苹果,时尚,61
苹果,第二大,61
苹果,补贴,61
苹果,小时,61
苹果,来源,61
苹果,7亿美元,60
苹果,销售额,60
苹果,商标权,60
苹果,资金,60
苹果,现象,60
苹果,中移动,60
苹果,欧洲,60
苹果,黑莓,60
苹果,环节,60
苹果,24日,60
苹果,将继续,59
苹果,曝光,59
苹果,新闻,59
苹果,理念,59
苹果,手表,59
苹果,报告显示,58
苹果,天才,58
苹果,估值,58
苹果,主管,58
苹果,分别为,58
苹果,资本市场,57
苹果,腾讯,57
苹果,对方,57
苹果,香港,57
苹果,新款iPhone,57
苹果,证实,57
苹果,来自于,57
苹果,营收为,57
苹果,阶段,57
苹果,损失,57
苹果,状态,56
苹果,图片,56
苹果,会议,56
苹果,台积电,56
苹果,信心,56
苹果,是个,56
苹果,全世界,56
苹果,资本,55
苹果,各大,55
苹果,工业,55
苹果,000元,55
苹果,了解到,55
苹果,无线,55
苹果,百度,55
苹果,专门,55
苹果,范围,55
苹果,余承东,55
苹果,英特尔,55
苹果,基金,55
苹果,耳机,55
苹果,合约,55
苹果,信号,55
苹果,知识产权,54
苹果,两家公司,54
苹果,苹果股票,54
苹果,官网,54
苹果,高层,54
苹果,资深,54
苹果,这家公司,54
苹果,代理商,53
苹果,直营店,53
苹果,实力,53
苹果,总裁,53
苹果,Android阵营,53
苹果,或将,53
苹果,信用卡,53
苹果,东西,52
苹果,微信,52
苹果,23日,52
苹果,产量,52
苹果,艾维,52
苹果,是什么,52
苹果,地方法院,52
苹果,资源,52
苹果,玻璃,52
苹果,争议,52
苹果,优质,51
苹果,群体,51
苹果,角色,51
苹果,旗舰,51
苹果,区域,51
苹果,董事会,51
苹果,银联,51
苹果,电话,50
苹果,全球最大,50
苹果,意义,50
苹果,新一代iPhone,49
苹果,排队,49
苹果,年度,49
苹果,普通,49
苹果,每股收益,49
苹果,赔偿金,49
苹果,抗衡,49
苹果,层面,49
苹果,想象,49
苹果,酷派,49
苹果,魅族,48
苹果,高度,48
苹果,错误,48
苹果,苹果授权,48
苹果,范围内,48
苹果,案件,48
苹果,现场,48
苹果,乐视,48
苹果,吸引力,48
苹果,前景,48
苹果,漏洞,48
苹果,过程,48
苹果,印度,47
苹果,规则,47
苹果,智能电视,47
苹果,方法,47
苹果,精神,47
苹果,世纪,47
苹果,经理,47
苹果,总经理,46
苹果,危机,46
苹果,第四财季,46
苹果,硅谷,46
苹果,全国,46
苹果,工具,46
苹果,2008年,46
苹果,17日,46
苹果,杂志,45
苹果,工作人员,45
苹果,材料,45
苹果,电信,45
苹果,力量,45
苹果,状况,45
苹果,纪录,45
苹果,采用了,45
苹果,Android系统,45
苹果,成绩,45
苹果,年8月,45
苹果,笔者,45
苹果,德国,45
苹果,法官,45
苹果,程序,45
苹果,安洁科技,44
苹果,收费,44
苹果,答案,44
苹果,联邦,44
苹果,第三财季,44
苹果,销售量,44
苹果,动作,44
苹果,第一财季,44
苹果,可能性,44
苹果,子公司,43
苹果,传感器,43
苹果,生产线,43
苹果,方案,43
苹果,通讯,43
苹果,所有人,43
苹果,地图服务,43
苹果,笔记本电脑,42
苹果,跌幅,42
苹果,标志,42
苹果,型号,42
苹果,可穿戴设备,42
苹果,苹果电脑,42
苹果,工人,42
苹果,门店,42
苹果,笔记本,42
苹果,10年,42
苹果,秘密,42
苹果,评价,42
苹果,长达,42
苹果,中国电信,42
苹果,门槛,42
苹果,是一种,41
苹果,2016年,41
苹果,公众,41
苹果,记录,41
苹果,约为,41
苹果,苹果概念股,41
苹果,苹果供应链,41
苹果,距离,41
苹果,神话,41
苹果,指数,41
苹果,财务,41
苹果,库存,41
苹果,原本,41
苹果,美股,40
苹果,照片,40
苹果,客服,40
苹果,品质,40
苹果,政府,40
苹果,厂家,40
苹果,新iPad,40
苹果,上周五,40
苹果,证据,40
苹果,收盘,40
苹果,商家,40
苹果,邮件,40
苹果,道路,40
苹果,路线,40
苹果,习惯,40
苹果,歌尔声学,40
苹果,管理层,39
苹果,短期内,39
苹果,廉价,39
苹果,日益,39
苹果,日子,39
苹果,摄像头,39
苹果,流媒体,39
苹果,电子书,39
苹果,手机行业,38
苹果,报告中,38
苹果,声称,38
苹果,时期,38
苹果,措施,38
苹果,福布斯,38
苹果,力度,38
苹果,对象,38
苹果,现实,38
苹果,形象,38
苹果,条件,37
苹果,定义,37
苹果,替代,37
苹果,触控,37
苹果,商品,37
苹果,年第四季度,37
苹果,大会,37
苹果,新一轮,37
苹果,声音,37
苹果,话题,37
苹果,效果,37
苹果,步伐,37
苹果,市盈率,37
苹果,革命性,37
苹果,网友,37
苹果,会不会,37
苹果,半导体,37
苹果,热情,37
苹果,环保组织,37
苹果,总监,36
苹果,责任,36
苹果,故事,36
苹果,面向,36
苹果,专业,36
苹果,焦点,36
苹果,上线,36
苹果,埃克森美孚,36
苹果,区别,36
苹果,三大,36
苹果,大会上,36
苹果,加利福尼亚州,36
苹果,特色,36
苹果,水货,36
苹果,朋友,36
苹果,机器,36
苹果,诉讼案,36
苹果,典型,35
苹果,年10月,35
苹果,15日,35
苹果,迹象,35
苹果,动力,35
苹果,第一财经日报,35
苹果,生态链,35
苹果,电视机,35
苹果,霸主,35
苹果,开发商,35
苹果,形式,35
苹果,城市,35
苹果,龙头,35
苹果,国产手机厂商,35
苹果,榜首,34
苹果,统计数据,34
苹果,比重,34
苹果,人才,34
苹果,京东,34
苹果,关心,34
苹果,德赛电池,34
苹果,公平,34
苹果,蚕食,34
苹果,苹果手表,34
苹果,销售收入,34
苹果,成了,34
苹果,花费,34
苹果,兴趣,34
苹果,背景,34
苹果,论坛,33
苹果,25日,33
苹果,价位,33
苹果,界面,33
苹果,例子,33
苹果,面世,33
苹果,印象,33
苹果,不知道,33
苹果,AT&T,33
苹果,市场调研,33
苹果,差异,33
苹果,大众,33
苹果,逻辑,33
苹果,天线,32
苹果,机遇,32
苹果,莱宝高,32
苹果,每经,32
苹果,财富,32
苹果,澳大利亚,32
苹果,办法,32
苹果,亚洲,32
苹果,总体,32
苹果,命运,32
苹果,成就,32
苹果,南都,32
苹果,工艺,32
苹果,潜力,32
苹果,涨幅,31
苹果,战争,31
苹果,特点,31
苹果,榜单,31
苹果,车载,31
苹果,思科,31
苹果,外形,31
苹果,机顶盒,31
苹果,灵魂,31
苹果,竞争者,31
苹果,有点,31
苹果,国产,31
苹果,20日,31
苹果,售后,31
苹果,困境,31
苹果,SIM卡,31
苹果,瑞士,30
苹果,原则,30
苹果,高价,30
苹果,首款,30
苹果,概念股,30
苹果,消息人士,30
苹果,身份,30
苹果,势头,30
苹果,13日,30
苹果,家庭,30
苹果,年12月,30
苹果,饥饿营销,30
苹果,所占,30
苹果,三星公司,30
苹果,当季,30
苹果,款手机,30
苹果,个人电脑,30
苹果,营业收入,29
苹果,电影,29
苹果,提供商,29
苹果,新机,29
苹果,排行榜,29
苹果,账户,29
苹果,净利润为,29
苹果,瓶颈,29
苹果,意识,29
苹果,可以看到,29
苹果,缺货,28
苹果,公告,28
苹果,朱继志,28
苹果,线下,28
苹果,过度,28
苹果,效仿,28
苹果,供货商,28
苹果,总量,28
苹果,舆论,28
苹果,资格,28
苹果,规划,28
苹果,时刻,28
苹果,序列号,28
苹果,解决方案,28
苹果,50亿美元,28
苹果,美金,28
苹果,欧美,27
苹果,姿态,27
苹果,官方网站,27
苹果,金融,27
苹果,立讯精密,27
苹果,结构,27
苹果,成员,27
苹果,表面,27
苹果,内置,27
苹果,本质,27
苹果,指纹识别,27
苹果,个百分点,27
苹果,14日,27
苹果,华为终端,27
苹果,协会,27
苹果,社会,27
苹果,溢价,27
苹果,基本上,27
苹果,板块,27
苹果,人群,27
苹果,节奏,27
苹果,作者,27
苹果,二是,27
苹果,22日,27
苹果,主打,27
苹果,28日,27
苹果,显示器,27
苹果,理论,27
苹果,难题,26
苹果,29日,26
苹果,两者,26
苹果,标普,26
苹果,买到,26
苹果,热潮,26
苹果,备货,26
苹果,保密,26
苹果,挑战者,26
苹果,任务,26
苹果,纽约,26
苹果,潮流,26
苹果,高位,26
苹果,浏览器,26
苹果,发力,26
苹果,移动操作系统,26
苹果,同比下滑,26
苹果,宝座,26
苹果,键盘,25
苹果,计算机,25
苹果,有业内人士,25
苹果,海尔,25
苹果,顶级,25
苹果,电话会议,25
苹果,第三大,25
苹果,有力,25
苹果,用户界面,25
苹果,中高端,25
苹果,多达,25
苹果,注意到,25
苹果,代价,25
苹果,联合创始人,25
苹果,500指数,25
苹果,投资人,25
苹果,协商,25
苹果,创业,25
苹果,股市,25
苹果,资产,25
苹果,11日,25
苹果,意见,25
苹果,新手机,25
苹果,数码,25
苹果,思维,25
苹果,代理,25
苹果,外壳,25
苹果,版iPad,25
苹果,高科技,25
苹果,交流,25
苹果,思路,25
苹果,落地,25
苹果,名字,25
苹果,资料显示,25
苹果,亮相,25
苹果,时间9月,25
苹果,有机会,25
苹果,收购摩托罗拉,24
苹果,作家,24
苹果,21世纪网,24
苹果,让三星,24
苹果,途径,24
苹果,集体,24
苹果,流量,24
苹果,结论,24
苹果,时机,24
苹果,董事,24
苹果,液晶面板,24
苹果,无线充电,24
苹果,可穿戴,24
苹果,土豪金,24
苹果,苹果店,24
苹果,果农,24
苹果,创纪录,24
苹果,深度,24
苹果,季报,24
苹果,规格,24
苹果,边缘,24
苹果,入口,24
苹果,普及,24
苹果,模组,23
苹果,量产,23
苹果,零售商,23
苹果,广达,23
苹果,纳斯达克,23
苹果,台湾地区,23
苹果,机身,23
苹果,收盘价,23
苹果,路透社,23
苹果,券商,23
苹果,关联,23
苹果,人物,23
苹果,研究员,23
苹果,命名,23
苹果,应该是,23
苹果,野心,23
苹果,产品设计,23
苹果,今年一季度,23
苹果,广州,23
苹果,40亿美元,23
苹果,颜色,23
苹果,云计算,23
苹果,主力,23
苹果,对冲基金,22
苹果,电动汽车,22
苹果,社区,22
苹果,版权,22
苹果,口碑,22
苹果,维权,22
苹果,战场,22
苹果,创新能力,22
苹果,金属,22
苹果,重要性,22
苹果,今年5,22
苹果,生态圈,22
苹果,日消息,22
苹果,去年9月,22
苹果,白色,22
苹果,公关,22
苹果,小米公司,22
苹果,总营收,22
苹果,合法,22
苹果,专利费,22
苹果,光环,22
苹果,走势,22
苹果,唱片公司,22
苹果,编辑,22
苹果,心理,21
苹果,作品,21
苹果,股息,21
苹果,风头,21
苹果,2013财年,21
苹果,为由,21
苹果,16日,21
苹果,汽车行业,21
苹果,蓝宝石玻璃,21
苹果,级别,21
苹果,基因,21
苹果,社交,21
苹果,表态,21
苹果,总额,21
苹果,目标价,21
苹果,路透,21
苹果,摩托罗拉移动,21
苹果,新款iPad,21
苹果,厚度,21
苹果,广东,21
苹果,债券,21
苹果,发货,21
苹果,意大利,21
苹果,上年同期,21
苹果,主板,21
苹果,主题,21
苹果,精力,21
苹果,要做,21
苹果,郑州,21
苹果,指标,21
苹果,前提,21
苹果,权利,21
苹果,实体,21
苹果,话语权,21
苹果,黄金,21
苹果,特性,20
苹果,总收入,20
苹果,6000万美元,20
苹果,致力于,20
苹果,办公室,20
苹果,决策,20
苹果,总和,20
苹果,元素,20
苹果,部件,20
苹果,页面,20
苹果,职位,20
苹果,武器,20
苹果,高德,20
苹果,红利,20
苹果,内存,20
苹果,效率,20
苹果,12日,20
苹果,独家,20
苹果,机器人,20
苹果,太阳能,20
苹果,机制,20
苹果,电子商务,20
苹果,市场需求,20
苹果,搜索引擎,20
苹果,季财报,20
苹果,资料,20
苹果,消失,20
苹果,苏州,20
苹果,常规,20
苹果,购物,20
苹果,面积,20
苹果,达成协议,20
苹果,形容,20
苹果,该股,19
苹果,耐克,19
苹果,中低端市场,19
苹果,细分,19
苹果,钱包,19
苹果,助手,19
苹果,法国,19
苹果,先生,19
苹果,战术,19
苹果,国产品牌,19
苹果,精品,19
苹果,障碍,19
苹果,手机用户,19
苹果,开业,19
苹果,零组件,19
苹果,2005年,19
苹果,苹果电视,19
苹果,鸿海精密,19
苹果,淘宝,19
苹果,脚步,19
苹果,增幅,19
苹果,4日,19
苹果,移动广告,19
苹果,开庭,19
苹果,7英寸平板,19
苹果,9月12,19
苹果,快速增长,19
苹果,大学,19
苹果,美国苹果公司,19
苹果,秘书长,19
苹果,纽约时报,19
苹果,个股,19
苹果,工程,19
苹果,场景,19
苹果,经典,19
苹果,黑卡,19
苹果,年7月,19
苹果,回应称,19
苹果,问世,19
苹果,海量,19
苹果,一事,19
苹果,建筑,18
苹果,指纹,18
苹果,态势,18
苹果,艺术,18
苹果,大尺寸,18
苹果,幅度,18
苹果,刷榜,18
苹果,云服务,18
苹果,事宜,18
苹果,对话,18
苹果,加拿大,18
苹果,东芝,18
苹果,标题,18
苹果,分辨率,18
苹果,前者,18
苹果,领导者,18
苹果,园区,18
苹果,客户端,18
苹果,渠道商,18
苹果,惯例,18
苹果,宏达电,18
苹果,第三方应用,18
苹果,冠军,18
苹果,姓名,18
苹果,蒂诺,18
苹果,奇迹,18
苹果,不存在,18
苹果,工商,18
苹果,大胆,18
苹果,4G网络,18
苹果,爆料,17
苹果,和软件,17
苹果,伙伴,17
苹果,理想,17
苹果,消费市场,17
苹果,这两家公司,17
苹果,职业,17
苹果,坦言,17
苹果,部署,17
苹果,音乐播放器,17
苹果,相关负责人,17
苹果,高端用户,17
苹果,电子邮件,17
苹果,侵权案,17
苹果,总结,17
苹果,像素,17
苹果,参观,17
苹果,创新力,17
苹果,被告,17
苹果,哈里,17
苹果,2003年,17
苹果,诟病,17
苹果,名称,17
苹果,服务器,17
苹果,职责,17
苹果,目光,17
苹果,链接,17
苹果,只需,17
苹果,教授,17
苹果,投资银行,17
苹果,浪潮,17
苹果,药袋,17
苹果,中国手机厂商,17
苹果,客观,17
苹果,增持,17
苹果,下单,17
苹果,性价比,17
苹果,意思,17
苹果,案例,17
苹果,以下简称,16
苹果,投行,16
苹果,公司业绩,16
苹果,敌人,16
苹果,翻新机,16
苹果,泡沫,16
苹果,智能硬件,16
苹果,储存,16
苹果,本土品牌,16
苹果,商城,16
苹果,店里,16
苹果,有权,16
苹果,卖点,16
苹果,故障,16
苹果,魅力,16
苹果,共识,16
苹果,形势,16
苹果,品牌形象,16
苹果,天音,16
苹果,江苏,16
苹果,派息,16
苹果,美国法院,16
苹果,短信,16
苹果,约翰,16
苹果,股权,16
苹果,蛋糕,16
苹果,31日,16
苹果,先机,16
苹果,掌门人,16
苹果,指导,16
苹果,里程碑,16
苹果,人气,16
苹果,技术支持,16
苹果,理性,16
苹果,用户群,16
苹果,2004年,16
苹果,专利技术,16
苹果,交易日,16
苹果,标杆,16
苹果,现任,16
苹果,良率,16
苹果,黑色,16
苹果,小幅,16
苹果,地点,16
苹果,水果,16
苹果,造车,16
苹果,总数,16
苹果,品牌价值,16
苹果,是由于,16
苹果,山东,16
苹果,苹果平板电脑,16
苹果,蓝宝石材料,16
苹果,基础上,16
苹果,器件,16
苹果,中华,16
苹果,组件,16
