三星,苹果,3613
三星,中国,1543
三星,全球,973
三星,韩国,701
三星,专利,622
三星,品牌,587
三星,技术,567
三星,厂商,539
三星,市场份额,482
三星,美国,472
三星,三星电子,446
三星,销量,442
三星,小米,419
三星,利润,408
三星,优势,348
三星,问题,340
三星,芯片,336
三星,高端,331
三星,份额,326
三星,诺基亚,301
三星,竞争对手,283
三星,平板电脑,282
三星,谷歌,281
三星,电子,275
三星,电视,274
三星,硬件,269
三星,2012年,263
三星,屏幕,248
三星,李健熙,241
三星,夏普,241
三星,价格,240
三星,战略,231
三星,分析师,229
三星,世界,225
三星,计划,225
三星,安卓,222
三星,数据,218
三星,2013年,217
三星,机型,215
三星,时间,212
三星,面板,207
三星,系统,203
三星,2014年,202
三星,地位,197
三星,处理器,196
三星,半导体,193
三星,机构,191
三星,工厂,186
三星,供应商,183
三星,原因,181
三星,业绩,181
三星,数据显示,180
三星,产业链,180
三星,英寸,176
三星,手机厂商,176
三星,智能,175
三星,消息,172
三星,产业,171
三星,2011年,170
三星,部分,169
三星,模式,164
三星,该公司,164
三星,巨头,162
三星,摩托罗拉,160
三星,关系,160
三星,无法,159
三星,科技,158
三星,旗舰,156
三星,目标,153
三星,上市,152
三星,终端,151
三星,能力,151
三星,项目,150
三星,推出了,146
三星,员工,145
三星,部门,145
三星,核心,145
三星,3月,144
三星,液晶面板,143
三星,策略,141
三星,苹果公司,140
三星,软件,140
三星,2015年,138
三星,媒体,138
三星,新品,137
三星,平板,136
三星,领先,136
三星,北京,135
三星,客户,135
三星,布局,135
三星,并不,134
三星,三星集团,134
三星,高端市场,133
三星,报告,132
三星,智能手表,131
三星,供应链,130
三星,法院,130
三星,9月,130
三星,国家,130
三星,中兴,129
三星,代表,129
三星,日本,127
三星,国际,126
三星,旗下,124
三星,5亿美元,123
三星,智能机,123
三星,全面,121
三星,显示屏,120
三星,4月,120
三星,集团,118
三星,压力,117
三星,季度,116
三星,制造商,115
三星,运营商,113
三星,大量,112
三星,2010年,111
三星,大屏,110
三星,时代,110
三星,发布了,109
三星,显示器,108
三星,侵犯了,108
三星,双方,107
三星,关键,107
三星,机会,106
三星,结果,105
三星,营收,104
三星,低端,104
三星,总裁,104
三星,订单,104
三星,方式,103
三星,地区,102
三星,体验,102
三星,规模,100
三星,成本,100
三星,情况,99
三星,差距,99
三星,美国市场,99
三星,高管,99
三星,产品线,98
三星,时候,95
三星,信息,95
三星,总部,94
三星,数字,93
三星,文化,93
三星,陪审团,93
三星,股价,92
三星,6月,92
三星,利用,92
三星,亚洲,92
三星,本土,91
三星,国产手机,91
三星,1亿,90
三星,整体,90
三星,市场占有率,88
三星,高达,87
三星,业内人士,87
三星,三星公司,86
三星,竞争力,86
三星,酷派,83
三星,经济,83
三星,市场研究,82
三星,代工,81
三星,业界,81
三星,7月,81
三星,重点,81
三星,8月,80
三星,售价,80
三星,盈利,79
三星,定位,79
三星,趋势,79
三星,程度,78
三星,基础,78
三星,法庭,77
三星,合作伙伴,77
三星,洗衣机,76
三星,遭遇,76
三星,这款,75
三星,传统,75
三星,净利润,75
三星,电池,74
三星,董事长,74
三星,11月,73
三星,财报,73
三星,有可能,72
三星,外界,72
三星,印度,71
三星,价值,70
三星,网络,70
三星,政府,69
三星,局面,69
三星,全球最大,69
三星,苏州,69
三星,汽车,68
三星,外观,68
三星,资源,68
三星,负责人,68
三星,实力,67
三星,贡献,67
三星,体系,67
三星,空间,66
三星,因素,65
三星,尤其是,65
三星,则是,65
三星,大战,65
三星,广告,64
三星,和iPad,64
三星,1月,64
三星,新产品,63
三星,情况下,63
三星,危机,63
三星,电气,62
三星,电子产品,62
三星,内存,62
三星,曲面,62
三星,余承东,62
三星,尺寸,62
三星,资金,62
三星,采访时,62
三星,标准,61
三星,5月,61
三星,内容,61
三星,互联网,61
三星,获得了,61
三星,成为了,61
三星,人员,61
三星,方向,60
三星,营业利润,60
三星,发布会,60
三星,专利权,60
三星,比例,60
三星,产生,60
三星,官司,60
三星,型号,59
三星,专利诉讼,59
三星,全部,59
三星,欧洲,59
三星,英特尔,59
三星,12月,59
三星,深圳,59
三星,元器件,58
三星,声明,58
三星,提供了,58
三星,并不是,58
三星,基本,58
三星,京东方,58
三星,阵营,58
三星,官方,57
三星,很难,57
三星,社会,57
三星,生产线,56
三星,据了解,56
三星,液晶,56
三星,圣何塞,56
三星,副总裁,56
三星,加州,55
三星,历史,55
三星,金额,55
三星,3亿,55
三星,格局,55
三星,报告显示,55
三星,数量,55
三星,网站,55
三星,国产,54
三星,后者,53
三星,证明,53
三星,专家,53
三星,台湾,53
三星,最重要,53
三星,两大,53
三星,占比,53
三星,委员会,53
三星,2009年,52
三星,将于,52
三星,事情,52
三星,台积电,52
三星,利润率,52
三星,股权,51
三星,理念,51
三星,每日经济新闻,51
三星,越来越多,51
三星,广州,51
三星,彩电,51
三星,环境,51
三星,全国,51
三星,智能电视,51
三星,特别是,50
三星,供货,50
三星,2月,50
三星,金融,50
三星,费用,50
三星,赔偿金,50
三星,化学,50
三星,上海,50
三星,医疗,49
三星,销售额,49
三星,目的,49
三星,市值,49
三星,力度,49
三星,发力,49
三星,英国,49
三星,现场,49
三星,亚马逊,49
三星,人们,48
三星,媒体报道,48
三星,团队,48
三星,电视机,48
三星,纠纷,48
三星,法官,48
三星,速度,48
三星,海尔,48
三星,西安,48
三星,小米手机,47
三星,黑莓,47
三星,首席,47
三星,人民币,47
三星,主管,47
三星,配件,47
三星,10月,46
三星,商业,46
三星,规划,46
三星,帝国,46
三星,重工业,46
三星,德国,46
三星,年8月,46
三星,评论,46
三星,影响力,45
三星,中心,45
三星,高层,45
三星,大家,44
三星,低价,44
三星,强势,44
三星,交易,44
三星,运营利润,44
三星,版本,44
三星,第一财经日报,43
三星,投资者,43
三星,结构,43
三星,事业,43
三星,电脑,43
三星,经历,43
三星,10亿美元,43
三星,政策,43
三星,个月,43
三星,8日,42
三星,首款,42
三星,抗衡,42
三星,文件,42
三星,中国大陆,42
三星,概念,42
三星,性能,42
三星,降价,42
三星,对象,42
三星,有所,42
三星,对方,42
三星,两家公司,41
三星,液晶电视,41
三星,2005年,41
三星,仅为,41
三星,OLED电视,41
三星,定价,41
三星,转型,41
三星,冰箱,41
三星,是什么,40
三星,范围,40
三星,意义,40
三星,生产商,40
三星,大中华区,40
三星,专利战,39
三星,霸主,39
三星,状态,39
三星,金融危机,39
三星,李秉喆,39
三星,地方法院,39
三星,传闻,39
三星,奇美,38
三星,风格,38
三星,城市,38
三星,000元,38
三星,股票,38
三星,特色,38
三星,世纪,38
三星,Android系统,38
三星,意识,38
三星,势头,37
三星,鸿海,37
三星,国产手机厂商,37
三星,款手机,37
三星,主打,37
三星,法律,37
三星,电子企业,37
三星,旗舰机型,37
三星,领导,37
三星,事件,37
三星,库克,37
三星,了解到,37
三星,约为,37
三星,采用了,37
三星,生态,36
三星,论坛,36
三星,去年同期,36
三星,国际贸易,36
三星,赛格三星,36
三星,典型,36
三星,律师,36
三星,微博,36
三星,民众,36
三星,5代线,36
三星,2008年,35
三星,学生,35
三星,厂家,35
三星,区域,35
三星,中低端市场,35
三星,解决方案,35
三星,高度,35
三星,家族,35
三星,苏宁,35
三星,笔记本,35
三星,存储芯片,35
三星,范围内,35
三星,水平,34
三星,超高清,34
三星,资本,34
三星,移动通信,34
三星,风险,34
三星,年度,34
三星,令人,34
三星,手机行业,34
三星,事业部,34
三星,时尚,34
三星,成了,34
三星,效果,34
三星,本土品牌,34
三星,来源,34
三星,视频,34
三星,观点,34
三星,收益,34
三星,亮相,33
三星,等领域,33
三星,冠军,33
三星,细节,33
三星,华为终端,33
三星,四核,33
三星,会长,33
三星,分别为,33
三星,来自于,33
三星,魅族,33
三星,Android阵营,33
三星,证券,33
三星,三大运营商,33
三星,中国区,33
三星,孩子,33
三星,证实,33
三星,总统,33
三星,代工厂,32
三星,经验,32
三星,子公司,32
三星,电信,32
三星,基地,32
三星,价位,32
三星,高价,32
三星,移动支付,32
三星,形象,32
三星,地方,32
三星,中华,32
三星,工艺,32
三星,品质,32
三星,摄像头,32
三星,很好,31
三星,让三星,31
三星,路线,31
三星,欧美,31
三星,名单,31
三星,海格国利,31
三星,困境,31
三星,宝座,31
三星,总监,31
三星,专业,31
三星,国产品牌,31
三星,海信,31
三星,统计数据,31
三星,2006年,31
三星,裁员,31
三星,个人,31
三星,中高端,31
三星,是一家,31
三星,顶级,31
三星,背景,31
三星,南都,30
三星,无线,30
三星,力量,30
三星,社会责任,30
三星,廉价,30
三星,主力,30
三星,环节,30
三星,禁令,30
三星,爱施德,30
三星,质量,30
三星,工业,29
三星,感觉,29
三星,研究所,29
三星,量产,29
三星,品牌价值,29
三星,同比下滑,29
三星,中国手机厂商,29
三星,成绩,29
三星,角度,29
三星,松下,29
三星,成就,29
三星,股东,29
三星,医院,29
三星,阶段,29
三星,经销商,29
三星,山寨,28
三星,消息称,28
三星,业务部门,28
三星,品牌形象,28
三星,资产,28
三星,市场需求,28
三星,新机,28
三星,蚕食,28
三星,曝光,28
三星,小时,28
三星,研究院,28
三星,市场调研,28
三星,大尺寸,28
三星,劲胜,27
三星,群体,27
三星,规格,27
三星,飞利浦,27
三星,现金,27
三星,现实,27
三星,领导者,27
三星,实际,27
三星,联系,27
三星,库存,27
三星,酒店,27
三星,层面,27
三星,年4月,27
三星,工程,27
三星,消失,27
三星,2亿美元,27
三星,个百分点,27
三星,空调,27
三星,才是,27
三星,态度,27
三星,文章,26
三星,基本上,26
三星,银行,26
三星,机遇,26
三星,梦想,26
三星,特点,26
三星,开发者,26
三星,损失,26
三星,24日,26
三星,前景,26
三星,角色,26
三星,澳大利亚,26
三星,身份,26
三星,可穿戴,26
三星,理由,26
三星,像素,26
三星,国包商,26
三星,战术,26
三星,中国移动,26
三星,手段,26
三星,小学,26
三星,全世界,26
三星,专门,26
三星,东芝,26
三星,销售量,25
三星,龙头,25
三星,条件,25
三星,中国劳工观察,25
三星,同比下降,25
三星,新闻,25
三星,过程中,25
三星,资深,25
三星,通讯,25
三星,三大,25
三星,手表,25
三星,会议,25
三星,今年一季度,25
三星,现象,25
三星,原本,25
三星,内地,25
三星,状况,25
三星,罚款,25
三星,工程师,25
三星,东莞,25
三星,总体,25
三星,白电,25
三星,机海,25
三星,电机,24
三星,步伐,24
三星,占有率,24
三星,父亲,24
三星,补贴,24
三星,惠州,24
三星,距离,24
三星,两者,24
三星,资料显示,24
三星,华星光电,24
三星,管理层,24
三星,是个,24
三星,第三大,24
三星,分公司,24
三星,材料,24
三星,措施,24
三星,日益,24
三星,是一种,24
三星,机身,24
三星,面向,24
三星,印象,24
三星,2007年,24
三星,动力,24
三星,报告中,23
三星,年第四季度,23
三星,10年,23
三星,用户体验,23
三星,柔性,23
三星,差异,23
三星,工人,23
三星,金属,23
三星,人才,23
三星,联邦,23
三星,越南,23
三星,各大,23
三星,所占,23
三星,今年5,23
三星,漏洞,23
三星,三星物产,23
三星,创新能力,23
三星,共和国,23
三星,普及,23
三星,售后,23
三星,将继续,23
三星,系列产品,23
三星,方案,22
三星,决策,22
三星,20日,22
三星,政治,22
三星,颓势,22
三星,新一轮,22
三星,信心,22
三星,交叉,22
三星,比重,22
三星,精力,22
三星,原则,22
三星,天津,22
三星,替代,22
三星,事实,22
三星,证据,22
三星,高科技,22
三星,态势,22
三星,创维,22
三星,步入,22
三星,中移动,22
三星,直供模式,22
三星,机械,22
三星,财阀,22
三星,发布会上,22
三星,玻璃,22
三星,东西,22
三星,年7月,22
三星,科健,21
三星,以下简称,21
三星,建筑,21
三星,广东,21
三星,权力,21
三星,2020年,21
三星,精神,21
三星,普通,21
三星,可能性,21
三星,效率,21
三星,案例,21
三星,前者,21
三星,榜首,21
三星,创业,21
三星,办事处,21
三星,财团,21
三星,潜力,21
三星,渠道商,21
三星,攻势,21
三星,笔者,21
三星,大陆,20
三星,优质,20
三星,先机,20
三星,申宗均,20
三星,奥运营销,20
三星,纽约,20
三星,上市公司,20
三星,卖场,20
三星,仪式,20
三星,溢价,20
三星,7亿美元,20
三星,可穿戴设备,20
三星,内置,20
三星,亮点,20
三星,OLED面板,20
三星,诉讼案,20
三星,数码,20
三星,游戏,20
三星,总结,20
三星,阴影,20
三星,声称,20
三星,人民,20
三星,财报显示,20
三星,交流,20
三星,过程,20
三星,战争,20
三星,花费,20
三星,外资品牌,20
三星,第二大,20
三星,法人,20
三星,迹象,20
三星,逻辑,20
三星,分辨率,19
三星,致力于,19
三星,电话,19
三星,表面,19
三星,专利费,19
三星,触摸屏,19
三星,长虹,19
三星,生产能力,19
三星,农村,19
三星,税收,19
三星,商品,19
三星,外观设计,19
三星,4日,19
三星,独家,19
三星,应用程序,19
三星,生态圈,19
三星,雷军,19
三星,财务,19
三星,生物,19
三星,招标,19
三星,商店,19
三星,关联,19
三星,本土化,19
三星,5代,19
三星,塑料,19
三星,硅谷,19
三星,有业内人士,19
三星,信号,18
三星,大力,18
三星,国美,18
三星,总经理,18
三星,中国电信,18
三星,韩国政府,18
三星,日子,18
三星,核心技术,18
三星,公关,18
三星,或将,18
三星,吸引力,18
三星,大会,18
三星,知识产权,18
三星,竞争者,18
三星,产量,18
三星,新款,18
三星,经理,18
三星,23日,18
三星,4亿美元,18
三星,商用,18
三星,制式,18
三星,思维,18
三星,2004年,18
三星,细分,18
三星,短期内,18
三星,追随者,18
三星,曲面电视,18
三星,深度,18
三星,国际品牌,17
三星,概念股,17
三星,28日,17
三星,锤子,17
三星,业绩下滑,17
三星,习惯,17
三星,野心,17
三星,人数,17
三星,道路,17
三星,动作,17
三星,门槛,17
三星,成员,17
三星,警方,17
三星,图片,17
三星,知名品牌,17
三星,市场营销,17
三星,争议,17
三星,正试图,17
三星,粉丝,17
三星,基金,17
三星,榜单,17
三星,14日,17
三星,海外市场,17
三星,幅度,17
三星,部件,17
三星,全景网,17
三星,总量,17
三星,注意到,17
三星,每经,17
三星,游乐园,17
三星,足球,17
三星,排行榜,17
三星,方法,17
三星,大楼,17
三星,家庭,17
三星,过度,17
三星,时报,17
三星,传言,17
三星,品类,17
三星,营业收入,17
三星,终端产品,17
三星,设计师,17
三星,新建,16
三星,总计,16
三星,新罗,16
三星,焦点,16
三星,时期,16
三星,赢家,16
三星,长达,16
三星,增长速度,16
三星,特性,16
三星,瓜分,16
三星,开源,16
三星,华尔街日报,16
三星,突围,16
三星,打印机,16
三星,性价比,16
三星,评价,16
三星,武器,16
三星,案件,16
三星,银联,16
三星,财富,16
三星,危机感,16
三星,31日,16
三星,保险,16
三星,研究员,16
三星,零组件,16
三星,航空,16
三星,韩国经济,16
三星,压制,16
三星,管理人员,16
三星,强有力,16
三星,雇佣童工,16
三星,朱继志,16
三星,很多人,16
三星,物联网,16
三星,日系,16
三星,外媒,16
三星,商务,16
三星,总额,16
三星,存储器,16
三星,元素,16
三星,名字,16
三星,外形,16
三星,2016年,16
三星,销售收入,16
三星,移动操作系统,16
