腾讯,微信,2024
腾讯,百度,1140
腾讯,互联网,1131
腾讯,阿里,1019
腾讯,阿里巴巴,735
腾讯,京东,731
腾讯,中国,711
腾讯,游戏,683
腾讯,战略,502
腾讯,资源,449
腾讯,流量,434
腾讯,社交,417
腾讯,移动互联网,395
腾讯,优势,373
腾讯,布局,370
腾讯,模式,314
腾讯,运营商,309
腾讯,微博,308
腾讯,巨头,307
腾讯,搜狗,303
腾讯,消息,302
腾讯,问题,300
腾讯,网络,290
腾讯,双方,288
腾讯,团队,264
腾讯,股权,253
腾讯,入口,251
腾讯,技术,250
腾讯,3月,246
腾讯,内容,243
腾讯,软件,240
腾讯,上市,232
腾讯,股价,229
腾讯,广告,227
腾讯,关系,225
腾讯,信息,224
腾讯,员工,220
腾讯,数据,217
腾讯,旗下,216
腾讯,合作伙伴,216
腾讯,开放平台,213
腾讯,新浪,210
腾讯,财付通,206
腾讯,微信支付,203
腾讯,电子商务,201
腾讯,市值,201
腾讯,开发者,199
腾讯,计划,197
腾讯,能力,194
腾讯,视频,193
腾讯,投资者,191
腾讯,产业,190
腾讯,媒体,188
腾讯,2013年,186
腾讯,网站,185
腾讯,3亿,185
腾讯,方式,185
腾讯,腾讯公司,183
腾讯,2011年,183
腾讯,2012年,183
腾讯,价值,183
腾讯,交易,182
腾讯,品牌,180
腾讯,2014年,179
腾讯,总裁,176
腾讯,手机QQ,175
腾讯,核心,173
腾讯,传统,173
腾讯,基金,172
腾讯,金融,171
腾讯,互联网巨头,168
腾讯,每日经济新闻,164
腾讯,时间,164
腾讯,易迅,164
腾讯,收费,164
腾讯,大众点评,163
腾讯,线下,163
腾讯,互联网金融,161
腾讯,集团,161
腾讯,并不,161
腾讯,官方,161
腾讯,淘宝,161
腾讯,刘炽平,160
腾讯,携程,159
腾讯,全面,157
腾讯,艺龙,156
腾讯,竞争对手,150
腾讯,即时通讯,149
腾讯,小米,149
腾讯,搜狐,146
腾讯,时代,146
腾讯,9月,145
腾讯,深圳,145
腾讯,副总裁,144
腾讯,体系,143
腾讯,北京,143
腾讯,人民币,142
腾讯,战略合作,140
腾讯,1月,140
腾讯,原因,139
腾讯,搜搜,137
腾讯,业界,136
腾讯,上线,135
腾讯,1亿,133
腾讯,客户,133
腾讯,客户端,131
腾讯,基础,131
腾讯,盈利,129
腾讯,地图,129
腾讯,5月,126
腾讯,股东,126
腾讯,总经理,126
腾讯,财报,125
腾讯,资金,124
腾讯,地位,124
腾讯,大量,124
腾讯,规模,123
腾讯,创始人,123
腾讯,11月,122
腾讯,机会,122
腾讯,采访时,122
腾讯,业绩,120
腾讯,6月,118
腾讯,空间,118
腾讯,美国,117
腾讯,外界,116
腾讯,银行,116
腾讯,机构,116
腾讯,时候,115
腾讯,2月,115
腾讯,部分,115
腾讯,4月,114
腾讯,网易,113
腾讯,项目,112
腾讯,7月,112
腾讯,商业化,112
腾讯,资产,112
腾讯,策略,111
腾讯,新浪微博,111
腾讯,业内人士,110
腾讯,分析师,110
腾讯,生态,109
腾讯,商业,109
腾讯,新闻,108
腾讯,三大,108
腾讯,资本,107
腾讯,估值,107
腾讯,体验,106
腾讯,营收,105
腾讯,则是,105
腾讯,发力,105
腾讯,无线,104
腾讯,无法,103
腾讯,移动端,103
腾讯,腾讯电商,103
腾讯,格局,102
腾讯,负责人,101
腾讯,传闻,100
腾讯,奇虎360,100
腾讯,系统,100
腾讯,全球,99
腾讯,商业模式,98
腾讯,两大,98
腾讯,据了解,98
腾讯,部门,97
腾讯,情况,97
腾讯,8月,97
腾讯,增值服务,95
腾讯,2010年,95
腾讯,文化,95
腾讯,互联网企业,95
腾讯,大家,94
腾讯,战略投资,94
腾讯,工具,92
腾讯,终端,92
腾讯,产生,92
腾讯,厂商,92
腾讯,层面,91
腾讯,目标,90
腾讯,版本,90
腾讯,利用,89
腾讯,社交网络,88
腾讯,微信平台,88
腾讯,创业,88
腾讯,事业群,87
腾讯,QQ网购,87
腾讯,科技,87
腾讯,线上,87
腾讯,移动支付,87
腾讯,消息称,86
腾讯,8日,86
腾讯,传言,86
腾讯,上海,86
腾讯,现金,85
腾讯,QQ空间,84
腾讯,成本,84
腾讯,产业链,83
腾讯,价格,83
腾讯,10月,83
腾讯,深度,82
腾讯,马云,82
腾讯,压力,81
腾讯,事情,81
腾讯,个人,81
腾讯,公告,80
腾讯,市场份额,80
腾讯,刘强东,80
腾讯,在线旅游,80
腾讯,腾讯内部,79
腾讯,整体,79
腾讯,财报显示,79
腾讯,腾讯微博,79
腾讯,动作,79
腾讯,推出了,78
腾讯,用户群,78
腾讯,首席,78
腾讯,泛娱乐,78
腾讯,3Q大战,77
腾讯,董事会,77
腾讯,全部,77
腾讯,高管,76
腾讯,腾讯视频,75
腾讯,有可能,75
腾讯,商户,74
腾讯,商家,74
腾讯,二维码,74
腾讯,广州,74
腾讯,腾讯游戏,74
腾讯,社区,74
腾讯,全国,74
腾讯,万达,73
腾讯,中心,73
腾讯,网络游戏,72
腾讯,创业者,71
腾讯,事件,71
腾讯,基因,70
腾讯,评论,70
腾讯,入股京东,69
腾讯,相关负责人,69
腾讯,阶段,69
腾讯,用户数,69
腾讯,费用,69
腾讯,结果,69
腾讯,数据显示,69
腾讯,董事长,69
腾讯,程度,68
腾讯,音乐,68
腾讯,形式,68
腾讯,刘春宁,68
腾讯,经验,68
腾讯,中国移动,68
腾讯,手游,67
腾讯,香港,67
腾讯,重点,66
腾讯,硬件,66
腾讯,大数据,66
腾讯,腾讯网,66
腾讯,大战,66
腾讯,电信,66
腾讯,12月,66
腾讯,手机管家,66
腾讯,方向,65
腾讯,背景,65
腾讯,门户,65
腾讯,定位,65
腾讯,关键,65
腾讯,利益,64
腾讯,影响力,64
腾讯,网游,64
腾讯,证券,64
腾讯,总监,64
腾讯,比例,64
腾讯,物流,64
腾讯,转型,64
腾讯,易迅网,63
腾讯,苏宁,63
腾讯,移动互联网事业,63
腾讯,并不是,63
腾讯,国际,63
腾讯,高层,63
腾讯,2015年,63
腾讯,代表,62
腾讯,红包,62
腾讯,持股比例,62
腾讯,高达,62
腾讯,解决方案,62
腾讯,PC端,62
腾讯,架构,61
腾讯,基本,61
腾讯,用户体验,61
腾讯,总收入,61
腾讯,动漫,61
腾讯,浏览器,60
腾讯,南都,60
腾讯,金额,60
腾讯,开发商,59
腾讯,微信团队,59
腾讯,企鹅,59
腾讯,方案,59
腾讯,将于,59
腾讯,同程,59
腾讯,影视,59
腾讯,净利润,58
腾讯,收益,58
腾讯,场景,58
腾讯,份额,58
腾讯,管理层,57
腾讯,苹果,57
腾讯,购物,57
腾讯,想象,57
腾讯,上市公司,57
腾讯,5亿美元,56
腾讯,股票,56
腾讯,智能,56
腾讯,谷歌,56
腾讯,语音,55
腾讯,华谊兄弟,55
腾讯,利润,55
腾讯,国金证券,55
腾讯,10日,54
腾讯,优质,54
腾讯,关系链,54
腾讯,16日,54
腾讯,电影,54
腾讯,券商,54
腾讯,独家,53
腾讯,董事,53
腾讯,活跃用户,53
腾讯,去哪儿,53
腾讯,后者,53
腾讯,增值业务,53
腾讯,牌照,53
腾讯,增持,53
腾讯,声明,52
腾讯,民营银行,52
腾讯,角度,52
腾讯,腾讯旗下,52
腾讯,目的,52
腾讯,架构调整,52
腾讯,手机游戏,52
腾讯,海量,52
腾讯,经济,52
腾讯,贡献,52
腾讯,数字,51
腾讯,数量,51
腾讯,专家,51
腾讯,版权,51
腾讯,京东商城,51
腾讯,拍拍网,50
腾讯,天猫,50
腾讯,2005年,50
腾讯,季度,50
腾讯,每经,50
腾讯,细节,50
腾讯,账户,50
腾讯,逻辑,50
腾讯,同程网,50
腾讯,网友,50
腾讯,聊天,49
腾讯,细分,49
腾讯,过程中,49
腾讯,第一财经日报,49
腾讯,中国最大,49
腾讯,余额宝,49
腾讯,总部,48
腾讯,速度,48
腾讯,微众银行,48
腾讯,政策,48
腾讯,历史,48
腾讯,任宇昕,47
腾讯,潜力,47
腾讯,商品,47
腾讯,很难,47
腾讯,思路,47
腾讯,意义,47
腾讯,机制,47
腾讯,帝国,47
腾讯,领先,47
腾讯,朋友,47
腾讯,移动电商,47
腾讯,世界,46
腾讯,手段,46
腾讯,个月,46
腾讯,人员,46
腾讯,局面,46
腾讯,报告,46
腾讯,裁员,46
腾讯,发布会,46
腾讯,深圳市,46
腾讯,理财通,46
腾讯,大会,46
腾讯,刘成敏,46
腾讯,风险,46
腾讯,大众点评网,45
腾讯,文件,45
腾讯,效果,45
腾讯,国家,45
腾讯,大股东,45
腾讯,研究院,45
腾讯,15日,45
腾讯,态度,45
腾讯,证实,45
腾讯,国际化,45
腾讯,有所,45
腾讯,网民,45
腾讯,互联网+,45
腾讯,汽车,44
腾讯,通讯,44
腾讯,2008年,44
腾讯,短信,44
腾讯,保险,44
腾讯,腾讯开放平台,44
腾讯,趋势,44
腾讯,联系,44
腾讯,雷军,44
腾讯,移动互联,43
腾讯,城市,43
腾讯,微信5,43
腾讯,规定,43
腾讯,14日,43
腾讯,发布了,43
腾讯,13日,43
腾讯,这款,43
腾讯,发布公告,42
腾讯,力量,42
腾讯,人才,42
腾讯,实力,42
腾讯,专业,42
腾讯,周鸿祎,42
腾讯,概念,42
腾讯,经历,42
腾讯,服务器,42
腾讯,强势,42
腾讯,第三方支付,42
腾讯,地方,41
腾讯,法院,41
腾讯,美团,41
腾讯,医疗,41
腾讯,二是,40
腾讯,事宜,40
腾讯,话题,40
腾讯,尤其是,40
腾讯,人们,40
腾讯,过程,40
腾讯,动视暴雪,40
腾讯,朋友圈,40
腾讯,法律,40
腾讯,4亿美元,40
腾讯,会员,40
腾讯,特别是,40
腾讯,编辑,40
腾讯,华南城,40
腾讯,获得了,39
腾讯,该公司,39
腾讯,A股,39
腾讯,虚拟信用卡,39
腾讯,权益,39
腾讯,资深,39
腾讯,身份,39
腾讯,28日,39
腾讯,商务,39
腾讯,俄罗斯,38
腾讯,注意到,38
腾讯,步伐,38
腾讯,韩国,38
腾讯,或将,38
腾讯,信令,38
腾讯,最重要,37
腾讯,用户量,37
腾讯,对方,37
腾讯,论坛,37
腾讯,易信,37
腾讯,了解到,37
腾讯,门槛,37
腾讯,中信银行,37
腾讯,联姻,37
腾讯,高调,37
腾讯,东西,36
腾讯,因素,36
腾讯,面向,36
腾讯,微信红包,36
腾讯,25日,36
腾讯,首席执行官,36
腾讯,理由,36
腾讯,搜索引擎,36
腾讯,现象,36
腾讯,子公司,36
腾讯,案例,36
腾讯,计算机,35
腾讯,人群,35
腾讯,实际,35
腾讯,资讯,35
腾讯,等领域,35
腾讯,财务,35
腾讯,第三大,35
腾讯,生活服务,35
腾讯,亚马逊,35
腾讯,可能性,35
腾讯,2009年,35
腾讯,两者,35
腾讯,微博上,34
腾讯,信公众平台,34
腾讯,金山网络,34
腾讯,环节,34
腾讯,短板,34
腾讯,群体,34
腾讯,公益,34
腾讯,金融机构,34
腾讯,四维图新,34
腾讯,特点,34
腾讯,代理,34
腾讯,遭遇,34
腾讯,中国电信,34
腾讯,成了,34
腾讯,大会上,34
腾讯,有业内人士,34
腾讯,网络媒体,34
腾讯,58同城,34
腾讯,频道,33
腾讯,通过微信,33
腾讯,链接,33
腾讯,即时通信,33
腾讯,实体,33
腾讯,故事,33
腾讯,公关部,33
腾讯,路径,33
腾讯,前景,33
腾讯,传媒,33
腾讯,年4月,33
腾讯,联通,33
腾讯,娱乐事业群,33
腾讯,米聊,33
腾讯,很好,33
腾讯,占比,33
腾讯,大佬,33
腾讯,助力,33
腾讯,证券日报,32
腾讯,移动端的,32
腾讯,来源,32
腾讯,一事,32
腾讯,权利,32
腾讯,20日,32
腾讯,政府,32
腾讯,电脑管家,32
腾讯,康盛创,32
腾讯,内地,32
腾讯,董事局主席,32
腾讯,开心网,32
腾讯,基数,31
腾讯,财经,31
腾讯,效应,31
腾讯,乐居,31
腾讯,恒大,31
腾讯,优酷,31
腾讯,标准,31
腾讯,各大,31
腾讯,文学,31
腾讯,证明,31
腾讯,会议,31
腾讯,主席,31
腾讯,板块,30
腾讯,专门,30
腾讯,习惯,30
腾讯,公关,30
腾讯,微信收费,30
腾讯,社会,30
腾讯,后台,30
腾讯,范围,30
腾讯,电信运营商,30
腾讯,去年同期,30
腾讯,杠杆,30
腾讯,腾讯控股,30
腾讯,才是,30
腾讯,提供了,30
腾讯,活跃账户,30
腾讯,注册用户,30
腾讯,角色,30
腾讯,商标,30
腾讯,高德,30
腾讯,事实,30
腾讯,焦点,30
腾讯,落地,30
腾讯,竞争力,30
腾讯,电脑,30
腾讯,12日,30
腾讯,生态圈,30
腾讯,事业部,30
腾讯,网络广告,30
腾讯,阵营,30
腾讯,移动游戏,30
腾讯,媒体报道,30
腾讯,野心,30
腾讯,环境,29
腾讯,交流,29
腾讯,腾讯入股,29
腾讯,4日,29
腾讯,表态,29
腾讯,版图,29
腾讯,吴宵光,29
腾讯,屏蔽,29
腾讯,易观国际,29
腾讯,丁香园,29
腾讯,众安,29
腾讯,现实,29
腾讯,力度,29
腾讯,观点,29
腾讯,现场,29
腾讯,理念,29
腾讯,难题,29
腾讯,公众账号,29
腾讯,曝光,28
腾讯,蚂蚁金服,28
腾讯,资料显示,28
腾讯,关联,28
腾讯,人数,28
腾讯,分别为,28
腾讯,线上线下,28
腾讯,粉丝,28
腾讯,公众,28
腾讯,损失,28
腾讯,24日,28
腾讯,电视,28
腾讯,战争,28
腾讯,11日,28
腾讯,用户数量,28
腾讯,小米科技,28
腾讯,资本市场,28
腾讯,原本,28
腾讯,电子,28
腾讯,大手笔,28
腾讯,试点,27
腾讯,成为了,27
腾讯,规划,27
腾讯,主题,27
腾讯,总体,27
腾讯,程武,27
腾讯,金融服务,27
腾讯,跨界,27
腾讯,意识,27
腾讯,约为,27
腾讯,市场支配地位,27
腾讯,二者,27
腾讯,水平,27
腾讯,扣扣保镖,27
腾讯,管家,27
腾讯,信沃卡,27
腾讯,对象,27
腾讯,印度,27
腾讯,加盟,27
腾讯,试水,27
腾讯,公众号,27
腾讯,第二大股东,27
腾讯,前海,27
腾讯,状态,27
腾讯,工信部,27
腾讯,评价,27
腾讯,故障,27
腾讯,创业公司,26
腾讯,信心,26
腾讯,桌面,26
腾讯,邮箱,26
腾讯,手机浏览器,26
腾讯,QQ商城,26
腾讯,优酷土豆,26
腾讯,谣言,26
腾讯,原创,26
腾讯,财富,26
腾讯,级别,26
腾讯,越来越多,26
腾讯,抗衡,26
腾讯,距离,26
腾讯,31日,26
腾讯,17日,26
腾讯,广东,26
腾讯,结盟,26
腾讯,行使价,26
腾讯,入局,26
腾讯,差距,26
腾讯,建议,26
腾讯,高度,25
腾讯,条件,25
腾讯,基金公司,25
腾讯,情况下,25
腾讯,回应称,25
腾讯,圈地,25
腾讯,文章,25
腾讯,标志,25
腾讯,曾李青,25
腾讯,好友,25
腾讯,王小川,25
腾讯,责任,25
腾讯,奇虎,25
腾讯,九州通,25
腾讯,坦言,25
腾讯,起家,25
腾讯,服务商,25
腾讯,91无线,25
腾讯,典型,25
腾讯,21世纪经济,25
腾讯,意见,25
腾讯,战略性,25
腾讯,云计算,25
腾讯,金山软件,25
腾讯,绯闻,25
腾讯,底层,24
腾讯,争议,24
腾讯,消息人士,24
腾讯,成员,24
腾讯,大厦,24
腾讯,要做,24
腾讯,广东联通,24
腾讯,形态,24
腾讯,高朋,24
腾讯,复星,24
腾讯,结构,24
腾讯,团购网站,24
腾讯,二选,24
腾讯,互动娱乐,24
腾讯,2007年,24
腾讯,形象,24
腾讯,全民,24
腾讯,22日,23
腾讯,基本上,23
腾讯,国美,23
腾讯,现金流,23
腾讯,微信公众,23
腾讯,图片,23
腾讯,感觉,23
腾讯,安全卫士,23
腾讯,道路,23
腾讯,小贷,23
腾讯,电话,23
腾讯,网购,23
腾讯,街景,23
腾讯,中信,23
腾讯,客服,23
腾讯,正式上线,23
腾讯,基础设施,23
腾讯,应该是,23
腾讯,共赢,23
腾讯,是个,23
腾讯,自媒体,23
腾讯,2亿美元,22
腾讯,三大运营商,22
腾讯,山寨,22
腾讯,船票,22
腾讯,话语权,22
腾讯,网商银行,22
腾讯,数据库,22
腾讯,致力于,22
腾讯,本地生活,22
腾讯,普及,22
腾讯,管理团队,22
腾讯,价格战,22
腾讯,港股,22
腾讯,投资人,22
腾讯,华谊,22
腾讯,名单,22
腾讯,知识产权,22
腾讯,张志东,22
腾讯,新一轮,22
腾讯,条款,22
腾讯,高朋网,22
腾讯,公众平台,21
腾讯,江湖,21
腾讯,是一家,21
腾讯,两家公司,21
腾讯,意向,21
腾讯,领导,21
腾讯,今年5,21
腾讯,玩家,21
腾讯,伙伴,21
腾讯,10年,21
腾讯,代价,21
腾讯,15亿美元,21
腾讯,投票权,21
腾讯,总结,21
腾讯,南都讯,21
腾讯,将继续,21
腾讯,众安保险,21
腾讯,心态,21
腾讯,办公,21
腾讯,办公室,21
腾讯,规则,21
腾讯,界面,21
腾讯,高位,21
腾讯,美丽,21
腾讯,地区,21
腾讯,社会化,21
腾讯,第一大股东,21
腾讯,不知道,21
腾讯,总额,21
腾讯,翰宇药业,21
腾讯,战场,21
腾讯,认购证,21
腾讯,钻石,21
腾讯,高端,21
腾讯,29日,21
腾讯,副总经理,21
腾讯,亚洲,21
腾讯,本质,21
腾讯,北京报道,21
腾讯,阿里巴巴集团,21
腾讯,运营官,21
腾讯,服务平台,21
腾讯,酒店,21
腾讯,效率,21
腾讯,外资,20
腾讯,口碑,20
腾讯,条码,20
腾讯,补贴,20
腾讯,小时,20
腾讯,新产品,20
腾讯,英雄,20
腾讯,进程,20
腾讯,是什么,20
腾讯,信公众账号,20
腾讯,流程,20
腾讯,措施,20
腾讯,阿里集团,20
腾讯,计算机系统,20
腾讯,商城,20
腾讯,蛋糕,20
腾讯,风格,20
腾讯,信用卡,20
腾讯,股本,20
腾讯,海外市场,20
腾讯,世纪,20
腾讯,意图,20
腾讯,年6月,20
腾讯,个性化,20
腾讯,年度,20
腾讯,知名度,20
腾讯,易观,20
腾讯,巨人,20
腾讯,新股,20
腾讯,植入,20
腾讯,招股书,20
腾讯,纠纷,20
腾讯,有权,20
腾讯,Q币,20
腾讯,UC浏览器,20
腾讯,页面,20
腾讯,定义,19
腾讯,理想,19
腾讯,此次合作,19
腾讯,程序,19
腾讯,增长率,19
腾讯,仅为,19
腾讯,企业级,19
腾讯,盈利模式,19
腾讯,类型,19
腾讯,新媒体,19
腾讯,法庭,19
腾讯,原则,19
腾讯,普通股,19
腾讯,年报,19
腾讯,财新,19
腾讯,特色,19
腾讯,精力,19
腾讯,爱奇艺,19
腾讯,委员会,19
腾讯,研究中心,19
腾讯,市场占有率,19
腾讯,控股权,19
腾讯,区域,19
腾讯,微生活,19
腾讯,参与者,19
腾讯,业务收入,19
腾讯,态势,19
腾讯,体量,19
腾讯,主席兼,19
腾讯,地产,19
腾讯,卖家,19
腾讯,F团,19
腾讯,琶洲,19
腾讯,PC互联网,19
腾讯,广告业务,19
腾讯,基础上,18
腾讯,视频网站,18
腾讯,精品,18
腾讯,产品部,18
腾讯,亮相,18
腾讯,奇瑞,18
腾讯,地盘,18
腾讯,有力,18
腾讯,名字,18
腾讯,世界杯,18
腾讯,精准,18
腾讯,办法,18
腾讯,万人,18
腾讯,官网,18
腾讯,动力,18
腾讯,迹象,18
腾讯,手机QQ浏览器,18
腾讯,核心业务,18
腾讯,23日,18
腾讯,额度,18
腾讯,邮件,18
腾讯,边界,18
腾讯,门户网站,18
腾讯,途径,18
腾讯,控股股东,18
腾讯,产品线,18
腾讯,前者,18
腾讯,资料,18
腾讯,支付功能,18
腾讯,中国联通,18
腾讯,成绩,18
腾讯,QQ号,18
腾讯,5港元,18
腾讯,龙头,18
腾讯,苏宁易购,18
腾讯,答案,18
腾讯,投资方,18
腾讯,工作人员,17
腾讯,QQ群,17
腾讯,瓶颈,17
腾讯,日本,17
腾讯,互联网服务,17
腾讯,在线支付,17
腾讯,首度,17
腾讯,小米手机,17
腾讯,所持,17
腾讯,淘宝网,17
腾讯,年轻人,17
腾讯,俞永福,17
腾讯,QQ浏览器,17
腾讯,思科,17
腾讯,腾讯电商控股公司,17
腾讯,2006年,17
腾讯,信号,17
腾讯,首款,17
腾讯,先机,17
腾讯,纯属,17
腾讯,开户,17
腾讯,腾讯移动游戏,17
腾讯,乐视,17
腾讯,大众,17
腾讯,梦想,17
腾讯,中移动,17
腾讯,模块,17
腾讯,全力,17
腾讯,坊间,17
腾讯,表面,17
腾讯,比上一季度,17
腾讯,研究员,17
腾讯,花费,17
腾讯,热点,17
腾讯,第二大,17
腾讯,方法,17
腾讯,交易日,17
腾讯,鲁振旺,17
腾讯,实习生,17
腾讯,敌人,17
腾讯,兴趣,17
腾讯,挂号网,17
腾讯,小米公司,17
腾讯,增幅,16
腾讯,收报,16
腾讯,世博会,16
腾讯,无缝,16
腾讯,时机,16
腾讯,部署,16
腾讯,来自于,16
腾讯,红利,16
腾讯,百货,16
腾讯,浪潮,16
腾讯,洪波,16
腾讯,供应链,16
腾讯,吴志祥,16
腾讯,携程网,16
腾讯,10亿美元,16
腾讯,发布会上,16
腾讯,前提,16
腾讯,年8月,16
腾讯,年7月,16
腾讯,作品,16
腾讯,很多人,16
腾讯,短期内,16
腾讯,支付工具,16
腾讯,据介绍,16
腾讯,手机厂商,16
腾讯,不存在,16
腾讯,中石油,16
腾讯,用微信,16
腾讯,理财产品,16
腾讯,产品经理,16
腾讯,地理位置,16
腾讯,人人网,16
腾讯,王国,16
腾讯,在线视频,16
腾讯,直指,16
腾讯,陌陌,16
腾讯,供应商,16
腾讯,水面,16
腾讯,机遇,16
腾讯,领投,16
腾讯,两个月,16
腾讯,合资公司,16
腾讯,以下简称,16
腾讯,机房,16
腾讯,医生,16
腾讯,提供商,16
腾讯,易居,16
腾讯,名称,16
腾讯,指标,16
腾讯,佣金,16
腾讯,物联网,16
腾讯,服务提供商,16
腾讯,全资子公司,16
腾讯,公敌,16
腾讯,势头,16
腾讯,上周五,16
