小米,雷军,1567
小米,中国,717
小米,小米手机,712
小米,模式,701
小米,互联网,648
小米,品牌,648
小米,硬件,630
小米,苹果,594
小米,内容,585
小米,乐视,530
小米,问题,455
小米,销量,448
小米,三星,419
小米,电视,419
小米,厂商,386
小米,价格,367
小米,专利,347
小米,估值,346
小米,小米公司,338
小米,印度,315
小米,2014年,310
小米,时间,306
小米,魅族,292
小米,数据,281
小米,生态,281
小米,全球,268
小米,智能,259
小米,方式,256
小米,布局,248
小米,核心,247
小米,粉丝,245
小米,微博,244
小米,传统,244
小米,小米电视,235
小米,战略,227
小米,技术,226
小米,媒体,225
小米,黎万强,218
小米,软件,210
小米,优势,207
小米,系统,206
小米,2013年,205
小米,目标,204
小米,官方,203
小米,视频,198
小米,小米盒子,194
小米,2015年,193
小米,大家,191
小米,手机厂商,191
小米,路由器,189
小米,消息,188
小米,时候,187
小米,红米,184
小米,小米科技,180
小米,科技,179
小米,副总裁,178
小米,成本,172
小米,生态链,171
小米,发布会,164
小米,团队,163
小米,林斌,162
小米,市场份额,157
小米,原因,154
小米,性价比,154
小米,并不,153
小米,上市,152
小米,竞争对手,150
小米,发布了,149
小米,腾讯,149
小米,利润,145
小米,关系,145
小米,董事长,143
小米,计划,143
小米,游戏,141
小米,策略,140
小米,供应链,139
小米,芯片,137
小米,线下,136
小米,陈彤,135
小米,盒子,135
小米,终端,134
小米,口碑,133
小米,能力,131
小米,低价,131
小米,创始人,128
小米,定位,128
小米,1亿,127
小米,售价,127
小米,双方,127
小米,移动互联网,127
小米,百度,127
小米,互联网思维,122
小米,联合创始人,122
小米,8月,122
小米,体验,122
小米,投资者,119
小米,11月,119
小米,采访时,118
小米,规模,118
小米,高端,117
小米,饥饿营销,116
小米,国际,114
小米,智能硬件,114
小米,中兴,114
小米,智能电视,114
小米,员工,114
小米,爱奇艺,113
小米,新品,112
小米,外界,110
小米,12月,110
小米,机构,110
小米,2012年,109
小米,营收,107
小米,资源,107
小米,迅雷,106
小米,格力,106
小米,商业模式,105
小米,旗下,105
小米,天猫,105
小米,美国,104
小米,无法,104
小米,产业,103
小米,北京,103
小米,4月,102
小米,事情,102
小米,发布会上,102
小米,米2,101
小米,总裁,101
小米,国产手机,100
小米,情况,100
小米,2011年,99
小米,谷歌,99
小米,数据显示,99
小米,小米4,97
小米,王川,96
小米,网络,96
小米,大量,96
小米,空气净化器,94
小米,部分,94
小米,安卓,93
小米,空间,92
小米,信息,92
小米,国际化,91
小米,巴拉,90
小米,6月,90
小米,微博上,89
小米,定价,89
小米,凡客,88
小米,质量,88
小米,并不是,87
小米,销售额,87
小米,则是,86
小米,基础,85
小米,推出了,85
小米,价值,84
小米,是什么,84
小米,结果,84
小米,很难,84
小米,资本,84
小米,产品线,83
小米,国家,82
小米,小米3,82
小米,代表,82
小米,低端,82
小米,盈利,82
小米,中心,82
小米,小时,82
小米,7月,81
小米,机顶盒,81
小米,产业链,81
小米,业界,81
小米,是个,81
小米,耳机,80
小米,10月,80
小米,经济,80
小米,压力,79
小米,米粉节,79
小米,线上,79
小米,负责人,78
小米,酷派,78
小米,全部,78
小米,配件,77
小米,层面,77
小米,时代,77
小米,业内人士,76
小米,分析师,76
小米,小米Note,76
小米,巨头,76
小米,阶段,75
小米,机型,75
小米,家庭,75
小米,世界,75
小米,互联网电视,75
小米,小米路由器,74
小米,9月,74
小米,体系,74
小米,创业,74
小米,产生,74
小米,京东,74
小米,合作伙伴,73
小米,网站,73
小米,投资人,73
小米,客户,72
小米,整体,72
小米,风险,72
小米,我觉得,72
小米,供应商,72
小米,流量,71
小米,10亿美元,71
小米,要做,70
小米,有可能,70
小米,加盟,70
小米,运营商,70
小米,16日,70
小米,利用,70
小米,海外市场,69
小米,3月,69
小米,关键,69
小米,逻辑,69
小米,手机行业,69
小米,遭遇,69
小米,商业,69
小米,期货,69
小米,阿里,69
小米,米聊,68
小米,生态圈,68
小米,参与感,68
小米,屏幕,68
小米,速度,68
小米,手环,68
小米,短板,68
小米,台湾,67
小米,角度,67
小米,竞争力,67
小米,个人,67
小米,入口,67
小米,很多人,67
小米,方向,67
小米,论坛,66
小米,性能,66
小米,发烧友,65
小米,是一家,65
小米,传闻,65
小米,移动电源,65
小米,小米生态链,65
小米,现场,64
小米,资金,64
小米,微信,64
小米,视频网站,63
小米,尤其是,63
小米,新一轮,63
小米,1月,63
小米,全面,63
小米,后者,63
小米,事件,62
小米,品类,62
小米,用户体验,62
小米,450亿美元,62
小米,基本,62
小米,转型,62
小米,深度,61
小米,基金,61
小米,笔者,61
小米,1999元,61
小米,人民币,60
小米,份额,60
小米,成为了,60
小米,平板,60
小米,程度,60
小米,顺为,59
小米,群体,59
小米,深圳,59
小米,云服务,59
小米,经验,59
小米,锤子,59
小米,山寨,58
小米,红米手机,58
小米,因素,58
小米,项目,57
小米,阿里巴巴,57
小米,3亿,57
小米,小米手环,57
小米,评论,57
小米,朋友,57
小米,友商,56
小米,小米金融,56
小米,净水器,56
小米,业绩,56
小米,这款,56
小米,数字,55
小米,雨果,55
小米,东西,55
小米,红米Note,55
小米,数量,55
小米,旗舰,54
小米,网友,54
小米,文化,54
小米,最重要,53
小米,领先,53
小米,高管,53
小米,8日,53
小米,成绩,53
小米,市值,53
小米,降价,52
小米,公告,52
小米,三大,52
小米,故事,51
小米,全国,51
小米,京华时报讯,51
小米,机会,50
小米,差距,50
小米,战略合作,50
小米,版本,50
小米,国产,49
小米,金融,49
小米,法院,49
小米,梦想,49
小米,生态链企业,49
小米,牌照,49
小米,手段,49
小米,路线,48
小米,概念,48
小米,中华,48
小米,据了解,48
小米,想象,48
小米,声明,48
小米,实际,48
小米,部门,48
小米,目的,48
小米,总结,48
小米,过程中,47
小米,广告,47
小米,社会化,47
小米,意义,47
小米,情况下,47
小米,报告,47
小米,优酷土豆,46
小米,版权,46
小米,地区,46
小米,才是,46
小米,思维,46
小米,该公司,45
小米,季度,45
小米,将于,45
小米,新闻,45
小米,环境,45
小米,订单,45
小米,集团,45
小米,联通,45
小米,野心,45
小米,制造商,45
小米,物流,45
小米,年度,45
小米,文章,45
小米,标准,44
小米,回应称,44
小米,董事长兼,44
小米,100亿美元,44
小米,地位,44
小米,神话,43
小米,很好,43
小米,理念,43
小米,周鸿祎,43
小米,效果,43
小米,金山软件,43
小米,成了,43
小米,思路,43
小米,销售量,43
小米,主题,43
小米,个月,43
小米,话题,43
小米,香港,43
小米,细节,42
小米,工厂,42
小米,公关,42
小米,客服,42
小米,2010年,42
小米,重点,42
小米,地方,42
小米,证明,41
小米,是一种,41
小米,专门,41
小米,电子,41
小米,大战,41
小米,处理器,41
小米,越来越多,41
小米,新浪,41
小米,方法,40
小米,有点,40
小米,库存,40
小米,环节,40
小米,高调,40
小米,智能机,40
小米,创业公司,40
小米,有所,40
小米,新加坡,40
小米,态度,40
小米,电源,40
小米,西山居,40
小米,实力,40
小米,红米Note2,40
小米,人们,39
小米,多看,39
小米,趋势,39
小米,互联网金融,39
小米,本土,39
小米,总监,39
小米,000元,39
小米,互联网企业,39
小米,互联网服务,38
小米,传言,38
小米,意图,38
小米,上海,38
小米,过程,38
小米,交易,38
小米,效应,38
小米,政策,38
小米,危机,38
小米,感觉,38
小米,经历,38
小米,黄章,37
小米,客厅,37
小米,美国市场,37
小米,5月,37
小米,单品,37
小米,巴西,37
小米,供货,37
小米,事实,37
小米,高达,37
小米,小米官网,36
小米,工程师,36
小米,格局,36
小米,节奏,36
小米,历史,36
小米,证实,36
小米,评价,36
小米,厂家,36
小米,生产商,36
小米,沙漠,36
小米,汽车,36
小米,小米手机2,36
小米,奇迹,36
小米,售后,36
小米,余承东,35
小米,城市,35
小米,主打,35
小米,上线,35
小米,英寸,35
小米,工程,35
小米,产品质量,35
小米,背景,35
小米,小米之家,34
小米,核心业务,34
小米,21世纪,34
小米,瓶颈,34
小米,海尔,34
小米,定义,34
小米,年轻人,34
小米,二是,34
小米,水平,34
小米,铁人三项,34
小米,21世纪经济,34
小米,电脑,33
小米,播控平台,33
小米,双11,33
小米,电子商务,33
小米,部手机,33
小米,可能性,33
小米,影响力,33
小米,贡献,33
小米,声称,33
小米,不知道,33
小米,观点,33
小米,布斯,33
小米,独家,33
小米,股价,33
小米,大众,33
小米,门槛,32
小米,影视,32
小米,2月,32
小米,社区,32
小米,制造业,32
小米,费用,32
小米,代工,32
小米,争议,32
小米,商品,32
小米,金额,32
小米,意识,31
小米,企业家,31
小米,电影,31
小米,本质,31
小米,两大,31
小米,股权,31
小米,一事,31
小米,力量,30
小米,高度,30
小米,分别为,30
小米,战场,30
小米,发力,30
小米,小米移动,30
小米,特别是,30
小米,距离,30
小米,工艺,30
小米,秘书长,30
小米,风格,30
小米,子公司,30
小米,小米空气净化器,29
小米,优质,29
小米,雷总,29
小米,形式,29
小米,乐视网,29
小米,商店,29
小米,骁龙,29
小米,比例,29
小米,官网,29
小米,品质,29
小米,资深,29
小米,电话,29
小米,摩托罗拉,28
小米,图片,28
小米,获得了,28
小米,精力,28
小米,高层,28
小米,阵营,28
小米,外观,28
小米,贷款,28
小米,方案,28
小米,提供了,28
小米,名字,28
小米,利益,28
小米,信心,28
小米,建议,28
小米,交流,28
小米,总部,28
小米,资料,28
小米,对象,28
小米,价位,28
小米,廉价,28
小米,局面,28
小米,道路,28
小米,知名度,27
小米,俄罗斯,27
小米,通讯,27
小米,现实,27
小米,小米平板,27
小米,利润率,27
小米,状态,27
小米,奇虎360,27
小米,发货,27
小米,诺基亚,27
小米,小米5,26
小米,现象,26
小米,面向,26
小米,指数,26
小米,对方,26
小米,收费,26
小米,合伙人,26
小米,精神,26
小米,动作,26
小米,口水战,26
小米,强势,26
小米,元器件,26
小米,专家,26
小米,空调,26
小米,理想,26
小米,标题,26
小米,信号,26
小米,红利,25
小米,舆论,25
小米,家装,25
小米,财新,25
小米,知识产权,25
小米,净化器,25
小米,海信,25
小米,媒体报道,25
小米,消息称,25
小米,第一财经日报,25
小米,价格战,25
小米,古晓宇,25
小米,两者,25
小米,高端市场,25
小米,亮相,25
小米,机器,25
小米,领导,25
小米,实体,25
小米,新产品,25
小米,人员,25
小米,效仿,25
小米,股东,25
小米,总体,25
小米,22日,25
小米,专业,24
小米,巴慕达,24
小米,原本,24
小米,场景,24
小米,广电,24
小米,15日,24
小米,形象,24
小米,11日,24
小米,法律,24
小米,纠纷,24
小米,直指,24
小米,人群,24
小米,冠军,24
小米,模块,24
小米,国产手机厂商,24
小米,摄像头,23
小米,顶级,23
小米,有机会,23
小米,玩法,23
小米,用户群,23
小米,声音,23
小米,40亿美元,23
小米,角色,23
小米,习惯,23
小米,服务器,23
小米,意见,23
小米,帝国,23
小米,夏普,23
小米,青春,23
小米,特点,23
小米,案例,23
小米,记录,23
小米,金融服务,23
小米,款手机,23
小米,年8月,23
小米,有业内人士,23
小米,页面,23
小米,虚拟运营商,23
小米,内地,23
小米,证券日报,23
小米,落地,23
小米,曝光,23
小米,23日,22
小米,答案,22
小米,普及,22
小米,淘宝,22
小米,小米电视3,22
小米,试水,22
小米,联系,22
小米,短信,22
小米,或将,22
小米,办法,22
小米,范围,22
小米,大会,22
小米,节水,22
小米,贾跃亭,22
小米,细分,22
小米,手机用户,22
小米,合约,22
小米,未来电视,22
小米,成就,22
小米,言论,22
小米,关联,22
小米,应该是,22
小米,QQ空间,22
小米,优酷,22
小米,电商渠道,22
小米,特色,22
小米,各大,22
小米,首款,22
小米,每日经济新闻,22
小米,电动汽车,22
小米,会议,22
小米,小米电视2,21
小米,高价,21
小米,公众,21
小米,华尔街日报,21
小米,投资方,21
小米,创业者,21
小米,平衡车,21
小米,关注度,21
小米,口号,21
小米,路径,21
小米,大神,21
小米,风口,21
小米,采用了,21
小米,5亿美元,21
小米,来自于,21
小米,基本上,20
小米,增长速度,20
小米,销售目标,20
小米,差异,20
小米,效率,20
小米,首席,20
小米,风头,20
小米,占比,20
小米,例子,20
小米,顶配版,20
小米,仅为,20
小米,典型,20
小米,主管,20
小米,东南亚,20
小米,年7月,20
小米,社会,20
小米,高性能,20
小米,眼球,20
小米,应用商店,20
小米,宝座,20
小米,老牌,19
小米,买到,19
小米,短期内,19
小米,新浪科技,19
小米,日本,19
小米,令人,19
小米,指标,19
小米,豆浆机,19
小米,财务,19
小米,中国联通,19
小米,外观设计,19
小米,基因,19
小米,资产,19
小米,前景,19
小米,坦言,19
小米,上市公司,19
小米,进程,19
小米,前者,19
小米,购物,19
小米,14日,19
小米,电信,19
小米,约为,19
小米,架构,19
小米,亚马逊,19
小米,华为终端,19
小米,照片,19
小米,商城,19
小米,这家公司,19
小米,身份,19
小米,艳辉,19
小米,董事,19
小米,风投,19
小米,双核,19
小米,理由,19
小米,任务,18
小米,基础上,18
小米,人物,18
小米,平板电脑,18
小米,主力,18
小米,市面上,18
小米,价值观,18
小米,苏宁,18
小米,来源,18
小米,日益,18
小米,焦点,18
小米,四核,18
小米,尺寸,18
小米,账户,18
小米,代工厂,18
小米,总量,18
小米,爆料,18
小米,作者,18
小米,二者,18
小米,像素,18
小米,韩国,18
小米,新手机,18
小米,战术,18
小米,链条,18
小米,路由,18
小米,海量,18
小米,状况,18
小米,版图,18
小米,屌丝,18
小米,中国移动,18
小米,壁垒,18
小米,新浪微博,18
小米,了解到,17
小米,溢价,17
小米,事儿,17
小米,心态,17
小米,1元,17
小米,美的集团,17
小米,资料显示,17
小米,节点,17
小米,人气,17
小米,顺势,17
小米,情怀,17
小米,潜力,17
小米,不存在,17
小米,型号,17
小米,总编辑,17
小米,内存,17
小米,同类,17
小米,电动车,17
小米,人才,17
小米,形容,17
小米,级别,17
小米,纳恩博,17
小米,错误,17
小米,亚洲,17
小米,初创,17
小米,热情,17
小米,等领域,17
小米,年6月,17
小米,势头,17
小米,电视机,17
小米,股票,17
小米,苹果公司,16
小米,表态,16
小米,线上线下,16
小米,一流,16
小米,老板,16
小米,标签,16
小米,插座,16
小米,结构,16
小米,人数,16
小米,材料,16
小米,华米,16
小米,中国电信,16
小米,两个月,16
小米,年12月,16
小米,24日,16
小米,含税,16
小米,敌人,16
小米,互联网巨头,16
小米,机制,16
小米,手法,16
小米,电池,16
小米,标志,16
小米,国产品牌,16
小米,步伐,16
小米,红海,16
小米,将继续,16
小米,年费,16
小米,欧美,16
小米,后台,16
小米,时尚,16
小米,社交,16
小米,奇酷,16
小米,大象,16
小米,2999元,16
小米,金立,16
小米,流程,16
小米,核心技术,16
小米,新品发布会,16
小米,净利润,16
小米,态势,16
小米,10年,16
小米,国民,16
小米,长达,16
小米,会不会,16
小米,赛诺,16
小米,赌局,16
小米,中低端市场,16
小米,卖点,16
